team,giornata,actual_module,actual_player_fv,optimal_module,optimal_player_fv,regret,module_matched
ASS ASS IN FC,1,442,66.5,352,80.5,14.0,False
ASS ASS IN FC,2,451,65.5,352,68.5,3.0,False
ASS ASS IN FC,3,442,66.5,343,68.5,2.0,False
ASS ASS IN FC,4,343,79.0,343,82.0,3.0,True
ASS ASS IN FC,5,343,74.5,433,82.0,7.5,False
ASS ASS IN FC,6,343,69.0,343,79.5,10.5,True
ASS ASS IN FC,7,343,74.0,352,77.5,3.5,False
ASS ASS IN FC,8,343,75.0,343,77.5,2.5,True
ASS ASS IN FC,9,352,58.0,partial,64.0,6.0,False
ASS ASS IN FC,10,343,67.5,352,70.5,3.0,False
ASS ASS IN FC,11,343,79.0,433,79.5,0.5,False
ASS ASS IN FC,12,433,68.5,352,76.5,8.0,False
ASS ASS IN FC,13,343,72.5,343,72.5,0.0,True
ASS ASS IN FC,14,343,59.5,532,68.5,9.0,False
ASS ASS IN FC,15,433,71.5,532,77.5,6.0,False
ASS ASS IN FC,16,433,70.0,433,76.5,6.5,True
ASS ASS IN FC,17,433,76.5,433,80.0,3.5,True
ASS ASS IN FC,18,433,75.0,343,77.0,2.0,False
ASS ASS IN FC,19,433,70.0,532,70.5,0.5,False
ASS ASS IN FC,20,433,70.0,433,72.5,2.5,True
ASS ASS IN FC,21,433,62.0,532,68.5,6.5,False
ASS ASS IN FC,22,433,55.0,partial,63.5,8.5,False
ASS ASS IN FC,23,433,64.0,433,71.5,7.5,True
ASS ASS IN FC,24,433,66.5,451,68.5,2.0,False
ASS ASS IN FC,25,433,77.5,433,80.0,2.5,True
ASS ASS IN FC,26,433,74.0,451,77.0,3.0,False
ASS ASS IN FC,27,433,71.5,343,77.5,6.0,False
ASS ASS IN FC,28,433,72.0,352,74.0,2.0,False
ASS ASS IN FC,29,541,64.0,451,70.5,6.5,False
ASS ASS IN FC,30,433,74.0,352,80.5,6.5,False
ASS ASS IN FC,31,442,73.5,352,75.5,2.0,False
ASS ASS IN FC,32,442,68.0,433,76.5,8.5,False
ASS ASS IN FC,33,442,60.0,451,65.0,5.0,False
ASS ASS IN FC,34,442,66.0,343,75.5,9.5,False
ASS ASS IN FC,35,433,63.0,433,65.0,2.0,True
ASS ASS IN FC,36,433,64.5,433,67.5,3.0,True
BOBOTOTTI,1,343,75.0,451,78.0,3.0,False
BOBOTOTTI,2,343,78.5,451,81.0,2.5,False
BOBOTOTTI,3,343,72.5,352,78.0,5.5,False
BOBOTOTTI,4,343,65.0,343,73.0,8.0,True
BOBOTOTTI,5,343,66.0,343,70.5,4.5,True
BOBOTOTTI,6,343,63.5,343,66.0,2.5,True
BOBOTOTTI,7,343,77.0,433,79.5,2.5,False
BOBOTOTTI,8,343,69.0,352,75.5,6.5,False
BOBOTOTTI,9,343,67.5,352,80.0,12.5,False
BOBOTOTTI,10,343,69.0,343,71.0,2.0,True
BOBOTOTTI,11,343,73.0,343,74.5,1.5,True
BOBOTOTTI,12,343,62.5,442,64.0,1.5,False
BOBOTOTTI,13,343,59.5,442,67.0,7.5,False
BOBOTOTTI,14,343,51.0,352,65.5,14.5,False
BOBOTOTTI,15,343,51.0,451,62.0,11.0,False
BOBOTOTTI,16,343,62.5,451,71.5,9.0,False
BOBOTOTTI,17,343,75.5,433,80.5,5.0,False
BOBOTOTTI,18,343,61.5,352,72.5,11.0,False
BOBOTOTTI,19,442,74.0,532,75.0,1.0,False
BOBOTOTTI,20,442,85.5,442,86.5,1.0,True
BOBOTOTTI,21,442,69.5,532,70.5,1.0,False
BOBOTOTTI,22,433,62.0,352,69.5,7.5,False
BOBOTOTTI,23,433,68.0,433,74.0,6.0,True
BOBOTOTTI,24,442,64.0,442,68.0,4.0,True
BOBOTOTTI,25,442,69.0,343,70.0,1.0,False
BOBOTOTTI,26,442,78.0,343,87.0,9.0,False
BOBOTOTTI,27,442,71.0,442,80.0,9.0,True
BOBOTOTTI,28,343,67.0,343,68.5,1.5,True
BOBOTOTTI,29,352,76.0,343,84.0,8.0,False
BOBOTOTTI,30,352,70.5,433,74.5,4.0,False
BOBOTOTTI,31,433,71.5,532,74.0,2.5,False
BOBOTOTTI,32,433,73.5,451,80.5,7.0,False
BOBOTOTTI,33,433,73.5,433,88.5,15.0,True
BOBOTOTTI,34,433,63.5,partial,77.0,13.5,False
BOBOTOTTI,35,433,68.0,433,83.5,15.5,True
BOBOTOTTI,36,343,82.5,343,85.0,2.5,True
CHELSEA,1,433,84.5,532,87.0,2.5,False
CHELSEA,2,433,64.5,433,66.5,2.0,True
CHELSEA,3,433,73.0,433,75.0,2.0,True
CHELSEA,4,433,64.5,partial,83.5,19.0,False
CHELSEA,5,343,72.0,442,77.5,5.5,False
CHELSEA,6,433,63.0,352,70.0,7.0,False
CHELSEA,7,343,81.5,343,90.5,9.0,True
CHELSEA,8,343,63.0,343,67.5,4.5,True
CHELSEA,9,343,69.0,343,77.5,8.5,True
CHELSEA,10,433,73.0,343,81.0,8.0,False
CHELSEA,11,433,78.0,343,82.5,4.5,False
CHELSEA,12,433,82.5,343,86.5,4.0,False
CHELSEA,13,433,75.5,433,79.0,3.5,True
CHELSEA,14,433,68.0,433,69.5,1.5,True
CHELSEA,15,433,84.5,343,87.0,2.5,False
CHELSEA,16,442,72.0,442,75.5,3.5,True
CHELSEA,17,442,63.5,352,68.5,5.0,False
CHELSEA,18,442,71.5,352,78.0,6.5,False
CHELSEA,19,442,74.0,343,81.5,7.5,False
CHELSEA,20,433,68.5,343,74.0,5.5,False
CHELSEA,21,433,69.5,343,76.5,7.0,False
CHELSEA,22,343,68.5,352,73.0,4.5,False
CHELSEA,23,343,65.5,343,73.5,8.0,True
CHELSEA,24,352,69.5,343,74.0,4.5,False
CHELSEA,25,352,59.0,343,68.5,9.5,False
CHELSEA,26,352,71.0,343,79.0,8.0,False
CHELSEA,27,343,73.0,343,77.5,4.5,True
CHELSEA,28,343,65.5,343,75.5,10.0,True
CHELSEA,29,343,78.0,343,83.5,5.5,True
CHELSEA,30,352,72.5,343,80.0,7.5,False
CHELSEA,31,352,73.5,442,76.0,2.5,False
CHELSEA,32,451,65.0,451,67.5,2.5,True
CHELSEA,33,343,79.0,343,82.0,3.0,True
CHELSEA,34,343,77.5,343,80.0,2.5,True
CHELSEA,35,343,68.5,352,72.5,4.0,False
CHELSEA,36,343,57.5,433,63.5,6.0,False
PAUL POGSHAO,1,442,67.5,433,70.5,3.0,False
PAUL POGSHAO,2,442,72.5,352,79.0,6.5,False
PAUL POGSHAO,3,433,76.0,343,77.0,1.0,False
PAUL POGSHAO,4,442,89.0,343,90.5,1.5,False
PAUL POGSHAO,5,433,70.5,541,81.5,11.0,False
PAUL POGSHAO,6,433,72.0,442,73.0,1.0,False
PAUL POGSHAO,7,433,72.5,343,79.0,6.5,False
PAUL POGSHAO,8,433,73.0,343,74.5,1.5,False
PAUL POGSHAO,9,442,65.5,343,75.5,10.0,False
PAUL POGSHAO,10,442,81.0,352,82.5,1.5,False
PAUL POGSHAO,11,442,62.5,352,76.0,13.5,False
PAUL POGSHAO,12,442,68.5,343,69.0,0.5,False
PAUL POGSHAO,13,442,72.5,433,75.5,3.0,False
PAUL POGSHAO,14,442,65.0,532,71.0,6.0,False
PAUL POGSHAO,15,433,71.0,541,73.5,2.5,False
PAUL POGSHAO,16,442,63.5,433,65.5,2.0,False
PAUL POGSHAO,17,442,83.0,343,84.5,1.5,False
PAUL POGSHAO,18,433,71.5,442,73.0,1.5,False
PAUL POGSHAO,19,433,75.5,352,79.0,3.5,False
PAUL POGSHAO,20,433,68.5,343,83.0,14.5,False
PAUL POGSHAO,21,433,59.5,433,64.0,4.5,True
PAUL POGSHAO,22,433,75.0,433,76.0,1.0,True
PAUL POGSHAO,23,433,62.5,343,73.5,11.0,False
PAUL POGSHAO,24,433,80.5,343,81.5,1.0,False
PAUL POGSHAO,25,433,88.5,343,93.5,5.0,False
PAUL POGSHAO,26,433,70.5,343,77.0,6.5,False
PAUL POGSHAO,27,433,59.0,541,68.5,9.5,False
PAUL POGSHAO,28,442,72.5,343,75.0,2.5,False
PAUL POGSHAO,29,442,66.0,532,67.5,1.5,False
PAUL POGSHAO,30,352,78.0,352,82.5,4.5,True
PAUL POGSHAO,31,442,71.0,442,78.0,7.0,True
PAUL POGSHAO,32,442,75.0,433,81.0,6.0,False
PAUL POGSHAO,33,442,84.0,442,84.0,0.0,True
PAUL POGSHAO,34,442,68.5,343,73.0,4.5,False
PAUL POGSHAO,35,433,85.0,343,87.0,2.0,False
PAUL POGSHAO,36,442,73.5,442,75.0,1.5,True
TEAM GLIDER,1,433,67.0,343,70.5,3.5,False
TEAM GLIDER,2,433,63.0,343,69.5,6.5,False
TEAM GLIDER,3,433,65.5,343,69.0,3.5,False
TEAM GLIDER,4,433,66.0,343,67.0,1.0,False
TEAM GLIDER,5,343,64.0,343,65.0,1.0,True
TEAM GLIDER,6,343,67.0,343,69.5,2.5,True
TEAM GLIDER,7,343,71.5,433,76.0,4.5,False
TEAM GLIDER,8,343,77.0,343,79.5,2.5,True
TEAM GLIDER,9,343,62.5,352,70.0,7.5,False
TEAM GLIDER,10,343,65.5,343,71.5,6.0,True
TEAM GLIDER,11,442,60.0,352,72.0,12.0,False
TEAM GLIDER,12,343,62.0,343,70.0,8.0,True
TEAM GLIDER,13,343,61.5,343,65.0,3.5,True
TEAM GLIDER,14,343,79.0,352,81.5,2.5,False
TEAM GLIDER,15,343,66.5,343,69.5,3.0,True
TEAM GLIDER,16,343,72.0,352,76.0,4.0,False
TEAM GLIDER,17,433,84.0,343,88.5,4.5,False
TEAM GLIDER,18,343,85.5,343,91.5,6.0,True
TEAM GLIDER,19,343,63.0,532,65.5,2.5,False
TEAM GLIDER,20,343,71.0,433,77.5,6.5,False
TEAM GLIDER,21,433,81.5,343,82.5,1.0,False
TEAM GLIDER,22,352,75.0,352,76.5,1.5,True
TEAM GLIDER,23,343,74.5,352,80.5,6.0,False
TEAM GLIDER,24,352,70.0,343,71.0,1.0,False
TEAM GLIDER,25,433,73.0,433,74.0,1.0,True
TEAM GLIDER,26,433,74.5,442,75.0,0.5,False
TEAM GLIDER,27,433,67.5,442,74.0,6.5,False
TEAM GLIDER,28,352,71.5,352,73.0,1.5,True
TEAM GLIDER,29,532,69.0,433,70.0,1.0,False
TEAM GLIDER,30,442,75.5,442,77.5,2.0,True
TEAM GLIDER,31,442,62.5,442,69.0,6.5,True
TEAM GLIDER,32,442,77.5,442,78.0,0.5,True
TEAM GLIDER,33,343,62.5,451,66.5,4.0,False
TEAM GLIDER,34,442,68.5,352,74.0,5.5,False
TEAM GLIDER,35,442,76.5,343,77.0,0.5,False
TEAM GLIDER,36,442,62.5,343,70.5,8.0,False
TEAM HAIR FLICK,1,343,80.5,352,84.0,3.5,False
TEAM HAIR FLICK,2,343,61.5,343,64.0,2.5,True
TEAM HAIR FLICK,3,433,66.0,343,72.5,6.5,False
TEAM HAIR FLICK,4,433,68.0,433,71.0,3.0,True
TEAM HAIR FLICK,5,343,65.0,433,66.0,1.0,False
TEAM HAIR FLICK,6,343,73.0,343,74.0,1.0,True
TEAM HAIR FLICK,7,343,63.0,343,65.0,2.0,True
TEAM HAIR FLICK,8,343,78.0,343,87.5,9.5,True
TEAM HAIR FLICK,9,433,69.5,352,72.0,2.5,False
TEAM HAIR FLICK,10,433,71.5,343,83.0,11.5,False
TEAM HAIR FLICK,11,343,70.5,433,71.5,1.0,False
TEAM HAIR FLICK,12,343,63.0,343,65.0,2.0,True
TEAM HAIR FLICK,13,343,69.0,343,70.0,1.0,True
TEAM HAIR FLICK,14,433,66.5,343,77.5,11.0,False
TEAM HAIR FLICK,15,433,71.0,343,84.0,13.0,False
TEAM HAIR FLICK,16,343,79.5,343,86.5,7.0,True
TEAM HAIR FLICK,17,343,73.5,442,80.5,7.0,False
TEAM HAIR FLICK,18,433,71.5,343,84.0,12.5,False
TEAM HAIR FLICK,19,433,57.5,532,68.0,10.5,False
TEAM HAIR FLICK,20,442,75.0,541,77.5,2.5,False
TEAM HAIR FLICK,21,433,75.5,343,83.5,8.0,False
TEAM HAIR FLICK,22,433,71.5,532,73.5,2.0,False
TEAM HAIR FLICK,23,433,73.5,343,75.0,1.5,False
TEAM HAIR FLICK,24,433,71.0,343,82.5,11.5,False
TEAM HAIR FLICK,25,433,67.5,442,78.0,10.5,False
TEAM HAIR FLICK,26,442,67.0,451,69.0,2.0,False
TEAM HAIR FLICK,27,433,68.0,433,78.0,10.0,True
TEAM HAIR FLICK,28,433,65.5,532,73.0,7.5,False
TEAM HAIR FLICK,29,442,73.0,532,77.0,4.0,False
TEAM HAIR FLICK,30,442,67.0,541,74.5,7.5,False
TEAM HAIR FLICK,31,442,68.5,442,69.0,0.5,True
TEAM HAIR FLICK,32,442,71.5,442,72.0,0.5,True
TEAM HAIR FLICK,33,442,65.0,442,68.5,3.5,True
TEAM HAIR FLICK,34,532,68.5,partial,79.5,11.0,False
TEAM HAIR FLICK,35,433,65.0,343,72.0,7.0,False
TEAM HAIR FLICK,36,433,72.0,442,75.5,3.5,False
TEAM WOLFLING,1,442,62.0,352,64.0,2.0,False
TEAM WOLFLING,2,442,84.5,442,84.5,0.0,True
TEAM WOLFLING,3,442,78.0,442,79.0,1.0,True
TEAM WOLFLING,4,442,64.5,433,78.5,14.0,False
TEAM WOLFLING,5,532,64.0,433,65.0,1.0,False
TEAM WOLFLING,6,532,65.5,343,69.5,4.0,False
TEAM WOLFLING,7,532,73.0,433,79.0,6.0,False
TEAM WOLFLING,8,433,56.0,532,69.0,13.0,False
TEAM WOLFLING,9,541,65.5,343,72.5,7.0,False
TEAM WOLFLING,10,442,73.5,352,75.0,1.5,False
TEAM WOLFLING,11,433,65.5,433,65.5,0.0,True
TEAM WOLFLING,12,442,84.0,352,93.5,9.5,False
TEAM WOLFLING,13,442,74.0,352,77.5,3.5,False
TEAM WOLFLING,14,442,67.5,352,73.5,6.0,False
TEAM WOLFLING,15,442,69.0,343,74.0,5.0,False
TEAM WOLFLING,16,532,68.0,343,69.5,1.5,False
TEAM WOLFLING,17,532,64.5,343,67.0,2.5,False
TEAM WOLFLING,18,541,70.0,343,78.0,8.0,False
TEAM WOLFLING,19,442,68.0,352,69.0,1.0,False
TEAM WOLFLING,20,442,69.5,451,72.0,2.5,False
TEAM WOLFLING,21,541,66.5,442,70.0,3.5,False
TEAM WOLFLING,22,442,75.5,541,81.0,5.5,False
TEAM WOLFLING,23,541,80.5,451,85.0,4.5,False
TEAM WOLFLING,24,541,62.5,partial,62.5,0.0,False
TEAM WOLFLING,25,451,76.5,541,77.0,0.5,False
TEAM WOLFLING,26,541,68.0,532,69.0,1.0,False
TEAM WOLFLING,27,451,76.0,442,80.5,4.5,False
TEAM WOLFLING,28,442,73.0,343,73.5,0.5,False
TEAM WOLFLING,29,442,71.5,343,72.5,1.0,False
TEAM WOLFLING,30,442,79.5,442,85.0,5.5,True
TEAM WOLFLING,31,442,71.0,532,74.5,3.5,False
TEAM WOLFLING,32,442,66.0,442,68.0,2.0,True
TEAM WOLFLING,33,532,68.0,532,69.0,1.0,True
TEAM WOLFLING,34,532,79.0,442,79.5,0.5,False
TEAM WOLFLING,35,442,63.5,352,69.0,5.5,False
TEAM WOLFLING,36,442,65.5,442,73.0,7.5,True
TEAM YANGTUO,1,343,73.0,343,84.5,11.5,True
TEAM YANGTUO,2,352,67.0,343,73.5,6.5,False
TEAM YANGTUO,3,343,78.5,343,80.5,2.0,True
TEAM YANGTUO,4,343,64.5,442,67.5,3.0,False
TEAM YANGTUO,5,442,63.0,352,66.0,3.0,False
TEAM YANGTUO,6,442,73.5,343,79.5,6.0,False
TEAM YANGTUO,7,433,69.0,433,72.5,3.5,True
TEAM YANGTUO,8,343,64.0,343,69.5,5.5,True
TEAM YANGTUO,9,433,64.0,433,67.5,3.5,True
TEAM YANGTUO,10,343,69.0,343,75.5,6.5,True
TEAM YANGTUO,11,433,75.5,343,77.0,1.5,False
TEAM YANGTUO,12,433,82.5,343,88.0,5.5,False
TEAM YANGTUO,13,433,71.0,343,74.0,3.0,False
TEAM YANGTUO,14,442,79.5,442,84.0,4.5,True
TEAM YANGTUO,15,343,78.5,343,78.5,0.0,True
TEAM YANGTUO,16,343,66.0,343,71.0,5.0,True
TEAM YANGTUO,17,442,67.0,451,74.0,7.0,False
TEAM YANGTUO,18,352,67.5,343,71.5,4.0,False
TEAM YANGTUO,19,442,68.5,352,69.0,0.5,False
TEAM YANGTUO,20,343,64.5,442,70.0,5.5,False
TEAM YANGTUO,21,433,81.0,352,84.5,3.5,False
TEAM YANGTUO,22,442,84.0,442,89.5,5.5,True
TEAM YANGTUO,23,442,68.0,343,80.0,12.0,False
TEAM YANGTUO,24,343,78.0,433,79.5,1.5,False
TEAM YANGTUO,25,442,75.5,352,81.0,5.5,False
TEAM YANGTUO,26,451,66.5,343,78.5,12.0,False
TEAM YANGTUO,27,433,76.0,442,78.0,2.0,False
TEAM YANGTUO,28,442,73.0,343,79.5,6.5,False
TEAM YANGTUO,29,433,77.5,352,84.0,6.5,False
TEAM YANGTUO,30,343,67.0,343,76.5,9.5,True
TEAM YANGTUO,31,352,70.0,352,71.0,1.0,True
TEAM YANGTUO,32,343,67.5,451,70.0,2.5,False
TEAM YANGTUO,33,433,71.5,442,74.0,2.5,False
TEAM YANGTUO,34,343,71.0,433,81.0,10.0,False
TEAM YANGTUO,35,433,79.5,343,83.0,3.5,False
TEAM YANGTUO,36,343,71.5,532,79.0,7.5,False
TOMATO,1,433,65.5,433,66.0,0.5,True
TOMATO,2,433,66.5,433,83.5,17.0,True
TOMATO,3,433,71.0,352,78.0,7.0,False
TOMATO,4,343,74.5,352,78.0,3.5,False
TOMATO,5,343,68.0,451,72.0,4.0,False
TOMATO,6,343,65.5,343,70.5,5.0,True
TOMATO,7,343,66.5,532,68.0,1.5,False
TOMATO,8,442,69.5,433,70.0,0.5,False
TOMATO,9,442,78.0,343,82.5,4.5,False
TOMATO,10,433,74.5,433,84.5,10.0,True
TOMATO,11,343,66.0,343,67.5,1.5,True
TOMATO,12,433,69.0,433,76.0,7.0,True
TOMATO,13,442,63.0,343,65.5,2.5,False
TOMATO,14,442,84.0,451,87.5,3.5,False
TOMATO,15,442,63.0,partial,63.0,0.0,False
TOMATO,16,343,66.5,343,73.0,6.5,True
TOMATO,17,343,76.5,343,80.5,4.0,True
TOMATO,18,433,74.0,343,78.0,4.0,False
TOMATO,19,343,64.5,343,66.5,2.0,True
TOMATO,20,352,67.0,343,75.5,8.5,False
TOMATO,21,352,66.5,352,72.0,5.5,True
TOMATO,22,343,81.5,343,83.5,2.0,True
TOMATO,23,433,69.0,433,69.5,0.5,True
TOMATO,24,352,71.0,352,71.0,0.0,True
TOMATO,25,352,63.0,partial,76.5,13.5,False
TOMATO,26,343,63.5,352,73.5,10.0,False
TOMATO,27,343,69.5,352,77.0,7.5,False
TOMATO,28,343,72.5,343,73.0,0.5,True
TOMATO,29,343,82.5,442,86.0,3.5,False
TOMATO,30,433,71.0,433,72.0,1.0,True
TOMATO,31,343,70.0,343,80.0,10.0,True
TOMATO,32,343,65.0,442,69.0,4.0,False
TOMATO,33,442,77.5,343,81.5,4.0,False
TOMATO,34,352,79.0,442,86.0,7.0,False
TOMATO,35,343,67.5,541,71.0,3.5,False
TOMATO,36,352,67.5,343,69.0,1.5,False
VINCENZO,1,433,67.0,343,67.5,0.5,False
VINCENZO,2,433,67.0,532,71.5,4.5,False
VINCENZO,3,433,72.0,433,81.0,9.0,True
VINCENZO,4,433,72.5,433,72.5,0.0,True
VINCENZO,5,433,65.5,433,67.0,1.5,True
VINCENZO,6,433,63.0,442,65.0,2.0,False
VINCENZO,7,433,63.5,433,64.5,1.0,True
VINCENZO,8,433,69.0,343,72.0,3.0,False
VINCENZO,9,433,60.5,442,69.0,8.5,False
VINCENZO,10,433,71.5,343,76.0,4.5,False
VINCENZO,11,433,69.0,343,70.5,1.5,False
VINCENZO,12,433,69.5,343,71.5,2.0,False
VINCENZO,13,433,72.5,433,80.5,8.0,True
VINCENZO,14,433,69.0,433,81.0,12.0,True
VINCENZO,15,433,68.0,343,70.5,2.5,False
VINCENZO,16,433,72.5,343,75.0,2.5,False
VINCENZO,17,433,74.5,343,76.0,1.5,False
VINCENZO,18,433,84.0,433,85.5,1.5,True
VINCENZO,19,433,64.0,433,70.0,6.0,True
VINCENZO,20,433,90.5,433,100.5,10.0,True
VINCENZO,21,433,87.5,541,89.5,2.0,False
VINCENZO,22,433,71.0,451,79.5,8.5,False
VINCENZO,23,433,70.5,343,79.5,9.0,False
VINCENZO,24,343,68.5,343,71.5,3.0,True
VINCENZO,25,442,65.5,433,74.0,8.5,False
VINCENZO,26,433,74.5,352,75.5,1.0,False
VINCENZO,27,433,71.5,343,75.5,4.0,False
VINCENZO,28,433,83.5,433,87.5,4.0,True
VINCENZO,29,433,72.0,352,73.5,1.5,False
VINCENZO,30,433,65.5,532,71.0,5.5,False
VINCENZO,31,433,70.0,343,72.5,2.5,False
VINCENZO,32,433,70.5,343,83.5,13.0,False
VINCENZO,33,343,65.5,433,70.0,4.5,False
VINCENZO,34,343,67.0,352,68.5,1.5,False
VINCENZO,35,442,62.5,343,66.5,4.0,False
VINCENZO,36,343,73.5,343,74.0,0.5,True
