team,player,position,apps_in_squad,apps_with_voto,apps_active,apps_missed,pct_active_rate,pct_fv_captured,total_voto,total_fv,total_active_fv,total_fv_missed,avg_active_fv,avg_fv_missed,best_active_fv,worst_active_fv
ETERNITY,Martinez L.,A,28,25,25,0,0.8929,1.0,160.0,208.5,208.5,0.0,8.34,,13.5,5.0
ETERNITY,Rabiot,C,30,29,28,1,0.9333,0.9553,183.5,201.5,192.5,9.0,6.88,9.0,14.0,4.0
ETERNITY,Saelemaekers,C,33,31,29,2,0.8788,0.9385,190.0,195.0,183.0,12.0,6.31,6.0,9.0,4.5
ETERNITY,Pinamonti,A,35,32,27,5,0.7714,0.8128,188.0,211.0,171.5,39.5,6.35,7.9,12.5,3.0
ETERNITY,Simeone,A,34,30,23,7,0.6765,0.7506,183.0,212.5,159.5,53.0,6.93,7.57,11.0,5.0
ETERNITY,Gudmundsson A.,C,33,30,23,7,0.697,0.8059,176.5,188.0,151.5,36.5,6.59,5.21,10.5,5.0
ETERNITY,Gosens,D,31,22,22,0,0.7097,1.0,129.5,137.5,137.5,0.0,6.25,,11.0,4.5
ETERNITY,Lazaro,D,36,28,24,4,0.6667,0.8536,160.0,160.5,137.0,23.5,5.71,5.88,7.5,4.5
ETERNITY,Lucumì,D,32,25,19,6,0.5938,0.7736,147.0,148.0,114.5,33.5,6.03,5.58,10.5,4.5
ETERNITY,Sommer,P,36,31,19,12,0.5278,0.654,183.5,170.5,111.5,59.0,5.87,4.92,7.5,2.5
ETERNITY,Malen,A,15,15,12,3,0.8,0.8036,103.0,137.5,110.5,27.0,9.21,9.0,16.5,5.0
ETERNITY,Ederson D.S.,C,33,29,16,13,0.4848,0.5703,182.0,188.5,107.5,81.0,6.72,6.23,11.5,5.0
ETERNITY,De Bruyne,C,16,15,15,0,0.9375,1.0,94.0,105.0,105.0,0.0,7.0,,11.5,5.0
ETERNITY,Bellanova,D,28,20,17,3,0.6071,0.8627,116.5,116.5,100.5,16.0,5.91,5.33,7.0,5.0
ETERNITY,Ranieri L.,D,35,29,17,12,0.4857,0.5693,169.0,166.0,94.5,71.5,5.56,5.96,6.0,4.5
ETERNITY,Provedel,P,26,25,13,12,0.5,0.5502,157.0,144.5,79.5,65.0,6.12,5.42,8.0,3.5
ETERNITY,Buongiorno,D,15,14,14,0,0.9333,1.0,79.5,79.0,79.0,0.0,5.64,,6.5,4.0
ETERNITY,Esposito F.P.,A,21,17,8,9,0.381,0.4979,108.0,119.5,59.5,60.0,7.44,6.67,11.0,5.5
ETERNITY,Thorstvedt,C,15,14,8,6,0.5333,0.5978,86.5,92.0,55.0,37.0,6.88,6.17,10.0,5.5
ETERNITY,Esposito Se.,A,14,14,8,6,0.5714,0.5101,88.5,99.0,50.5,48.5,6.31,8.08,8.5,5.5
ETERNITY,Pezzella Giu.,D,33,29,9,20,0.2727,0.2997,163.5,158.5,47.5,111.0,5.28,5.55,6.0,4.5
ETERNITY,McKennie,C,21,20,5,15,0.2381,0.2868,123.5,132.5,38.0,94.5,7.6,6.3,10.5,5.0
ETERNITY,Paleari,P,15,15,4,11,0.2667,0.3121,90.5,70.5,22.0,48.5,5.5,4.41,7.5,4.5
ETERNITY,Tavares N.,D,20,7,4,3,0.2,0.5513,39.5,39.0,21.5,17.5,5.38,5.83,6.0,4.5
ETERNITY,Maldini,C,30,13,3,10,0.1,0.216,78.0,81.0,17.5,63.5,5.83,6.35,6.0,5.5
ETERNITY,Hien,D,7,5,2,3,0.2857,0.4035,29.0,28.5,11.5,17.0,5.75,5.67,6.0,5.5
ETERNITY,Kolasinac,D,6,1,1,0,0.1667,1.0,6.0,6.0,6.0,0.0,6.0,,6.0,6.0
ETERNITY,Mandas,P,21,0,0,0,0.0,,0.0,0.0,0.0,0.0,,,,
ETERNITY,Lykogiannis,D,15,3,0,3,0.0,0.0,18.0,17.0,0.0,17.0,,5.67,,
ETERNITY,Camarda,A,18,14,0,14,0.0,0.0,80.0,81.5,0.0,81.5,,5.82,,
ETERNITY,Jashari,C,29,11,0,11,0.0,0.0,63.0,64.0,0.0,64.0,,5.82,,
ETERNITY,Immobile,A,14,5,0,5,0.0,0.0,27.5,27.0,0.0,27.0,,5.4,,
ETERNITY,Ratkov,A,15,3,0,3,0.0,0.0,17.0,17.0,0.0,17.0,,5.67,,
ETHANANITA,Palestra,D,36,36,35,1,0.9722,0.9721,225.5,233.0,226.5,6.5,6.47,6.5,12.5,5.0
ETHANANITA,Pellegrino M.,A,36,35,32,3,0.8889,0.919,209.5,234.5,215.5,19.0,6.73,6.33,13.0,5.0
ETHANANITA,Davis K.,A,36,28,26,2,0.7222,0.9171,176.0,199.0,182.5,16.5,7.02,8.25,11.0,5.0
ETHANANITA,Vlasic,C,36,35,27,8,0.75,0.7794,211.5,233.5,182.0,51.5,6.74,6.44,11.0,4.5
ETHANANITA,Conceicao,C,35,28,27,1,0.7714,0.9653,176.0,187.5,181.0,6.5,6.7,6.5,9.5,5.5
ETHANANITA,Da Cunha,C,36,33,26,7,0.7222,0.7865,209.5,229.5,180.5,49.0,6.94,7.0,13.0,5.0
ETHANANITA,Cambiaso,D,35,35,29,6,0.8286,0.8389,204.5,211.0,177.0,34.0,6.1,5.67,10.0,3.0
ETHANANITA,Butez,P,36,36,26,10,0.7222,0.7429,218.5,210.0,156.0,54.0,6.0,5.4,10.0,2.5
ETHANANITA,Politano,C,36,31,22,9,0.6111,0.7305,187.5,198.5,145.0,53.5,6.59,5.94,12.5,5.0
ETHANANITA,Vlahovic,A,36,16,11,5,0.3056,0.7409,96.5,110.0,81.5,28.5,7.41,5.7,11.5,5.0
ETHANANITA,Marusic,D,21,17,13,4,0.619,0.7931,97.5,101.5,80.5,21.0,6.19,5.25,11.0,4.5
ETHANANITA,Vojvoda,D,36,25,13,12,0.3611,0.5048,149.5,156.5,79.0,77.5,6.08,6.46,9.0,5.0
ETHANANITA,Odgaard,C,36,20,10,10,0.2778,0.5358,119.0,132.5,71.0,61.5,7.1,6.15,11.0,5.0
ETHANANITA,Djimsiti,D,21,18,12,6,0.5714,0.6393,110.0,109.5,70.0,39.5,5.83,6.58,6.0,5.0
ETHANANITA,Doig,D,15,13,9,4,0.6,0.6821,77.0,75.5,51.5,24.0,5.72,6.0,6.5,5.0
ETHANANITA,Loftus-Cheek,C,36,19,7,12,0.1944,0.3651,115.5,120.5,44.0,76.5,6.29,6.38,7.0,6.0
ETHANANITA,Fullkrug,A,21,19,6,13,0.2857,0.3632,109.5,111.5,40.5,71.0,6.75,5.46,11.0,5.5
ETHANANITA,Caprile,P,36,36,8,28,0.2222,0.218,226.5,183.5,40.0,143.5,5.0,5.12,7.5,2.5
ETHANANITA,Tiago Gabriel,D,21,20,6,14,0.2857,0.3162,118.5,117.0,37.0,80.0,6.17,5.71,7.0,5.5
ETHANANITA,Mina,D,15,9,6,3,0.4,0.6228,54.0,57.0,35.5,21.5,5.92,7.17,7.0,5.0
ETHANANITA,Openda,A,21,13,6,7,0.2857,0.4177,76.0,79.0,33.0,46.0,5.5,6.57,6.0,5.0
ETHANANITA,Vergara,C,15,5,5,0,0.3333,1.0,30.5,30.5,30.5,0.0,6.1,,6.5,5.5
ETHANANITA,Gila,D,21,15,5,10,0.2381,0.3135,91.0,92.5,29.0,63.5,5.8,6.35,7.0,5.0
ETHANANITA,Joao Mario,D,30,12,5,7,0.1667,0.3931,69.0,72.5,28.5,44.0,5.7,6.29,7.0,4.5
ETHANANITA,Dia,A,15,11,4,7,0.2667,0.3282,64.0,65.5,21.5,44.0,5.38,6.29,5.5,5.0
ETHANANITA,Zaragoza,C,15,3,3,0,0.2,1.0,17.5,18.0,18.0,0.0,6.0,,7.0,5.5
ETHANANITA,Zapata D.,A,15,8,3,5,0.2,0.3846,45.0,45.5,17.5,28.0,5.83,5.6,7.0,5.0
ETHANANITA,Tourè I.,C,21,19,3,16,0.1429,0.1239,111.0,113.0,14.0,99.0,4.67,6.19,5.5,3.0
ETHANANITA,Holm,D,21,8,2,6,0.0952,0.266,47.5,47.0,12.5,34.5,6.25,5.75,6.5,6.0
ETHANANITA,Angori,D,15,12,2,10,0.1333,0.1586,72.0,72.5,11.5,61.0,5.75,6.1,6.0,5.5
ETHANANITA,Lucca,A,21,7,2,5,0.0952,0.2529,40.5,43.5,11.0,32.5,5.5,6.5,6.0,5.0
ETHANANITA,Semper,P,21,15,2,13,0.0952,0.1284,92.0,74.0,9.5,64.5,4.75,4.96,5.0,4.5
ETHANANITA,Stanciu,C,15,1,1,0,0.0667,1.0,5.5,5.5,5.5,0.0,5.5,,5.5,5.5
ETHANANITA,Berisha M.,C,6,0,0,0,0.0,,0.0,0.0,0.0,0.0,,,,
ETHANANITA,Tornqvist,P,15,0,0,0,0.0,,0.0,0.0,0.0,0.0,,,,
ETHANANITA,Morata,A,15,5,0,5,0.0,0.0,27.5,26.0,0.0,26.0,,5.2,,
GOODBYE,Yildiz,A,35,33,32,1,0.9143,0.9767,210.0,236.0,230.5,5.5,7.2,5.5,13.5,5.5
GOODBYE,Cristante,C,35,35,35,0,1.0,1.0,213.5,218.5,218.5,0.0,6.24,,12.5,4.5
GOODBYE,Mancini,D,36,34,33,1,0.9167,0.9707,212.5,221.5,215.0,6.5,6.52,6.5,14.0,5.0
GOODBYE,Konè M.,C,36,27,27,0,0.75,1.0,168.5,176.5,176.5,0.0,6.54,,10.5,5.0
GOODBYE,Bremer,D,29,24,24,0,0.8276,1.0,152.0,163.5,163.5,0.0,6.81,,12.5,5.0
GOODBYE,Milinkovic-Savic V.,P,36,27,27,0,0.75,1.0,167.5,162.0,162.0,0.0,6.0,,11.0,2.5
GOODBYE,Bastoni,D,36,26,24,2,0.6667,0.9288,160.5,161.5,150.0,11.5,6.25,5.75,9.0,5.5
GOODBYE,Pellegrini Lo.,C,36,24,23,1,0.6389,0.9371,145.0,159.0,149.0,10.0,6.48,10.0,11.0,5.0
GOODBYE,Zielinski,C,36,30,22,8,0.6111,0.7357,187.5,200.5,147.5,53.0,6.7,6.62,9.5,5.0
GOODBYE,Scamacca,A,36,20,14,6,0.3889,0.75,123.0,146.0,109.5,36.5,7.82,6.08,13.5,5.0
GOODBYE,Pisilli,C,21,19,14,5,0.6667,0.7258,116.5,124.0,90.0,34.0,6.43,6.8,12.0,4.5
GOODBYE,Valle,D,36,24,11,13,0.3056,0.4716,145.5,149.5,70.5,79.0,6.41,6.08,7.5,5.5
GOODBYE,Lookman,A,21,10,10,0,0.4762,1.0,58.0,64.0,64.0,0.0,6.4,,11.0,5.0
GOODBYE,Boga,A,15,13,9,4,0.6,0.6902,80.5,92.0,63.5,28.5,7.06,7.12,11.0,4.5
GOODBYE,Raspadori,A,15,11,8,3,0.5333,0.7534,67.0,73.0,55.0,18.0,6.88,6.0,10.0,5.0
GOODBYE,Ghilardi,D,30,16,9,7,0.3,0.5585,94.5,94.0,52.5,41.5,5.83,5.93,6.0,5.0
GOODBYE,Cambiaghi,A,21,16,8,8,0.381,0.4791,97.5,107.5,51.5,56.0,6.44,7.0,8.0,5.5
GOODBYE,El Aynaoui,C,36,20,8,12,0.2222,0.4174,119.5,121.0,50.5,70.5,6.31,5.88,10.0,5.5
GOODBYE,Meret,P,36,9,9,0,0.25,1.0,56.5,47.0,47.0,0.0,5.22,,8.0,3.0
GOODBYE,El Shaarawy,C,36,16,7,9,0.1944,0.4257,98.5,101.0,43.0,58.0,6.14,6.44,8.0,5.5
GOODBYE,Norton-Cuffy,D,21,11,6,5,0.2857,0.5035,67.0,70.5,35.5,35.0,5.92,7.0,6.5,5.0
GOODBYE,Zanoli,D,6,5,4,1,0.6667,0.8356,32.5,36.5,30.5,6.0,7.62,6.0,10.0,6.0
GOODBYE,Sulemana K.,A,21,10,5,5,0.2381,0.4915,59.5,59.0,29.0,30.0,5.8,6.0,6.0,5.0
GOODBYE,Morata,A,15,9,5,4,0.3333,0.6064,49.0,47.0,28.5,18.5,5.7,4.62,6.0,5.5
GOODBYE,Tsimikas,D,15,4,4,0,0.2667,1.0,23.5,23.0,23.0,0.0,5.75,,6.0,5.5
GOODBYE,Ziolkowski,D,36,9,3,6,0.0833,0.3654,53.5,52.0,19.0,33.0,6.33,5.5,7.0,5.5
GOODBYE,Idrissi R.,D,30,13,1,12,0.0333,0.0724,75.0,76.0,5.5,70.5,5.5,5.88,5.5,5.5
GOODBYE,Kaba,C,15,6,1,5,0.0667,0.1571,35.0,35.0,5.5,29.5,5.5,5.9,5.5,5.5
GOODBYE,Matic,C,21,18,1,17,0.0476,0.0488,104.5,102.5,5.0,97.5,5.0,5.74,5.0,5.0
GOODBYE,Vasquez D.,P,35,0,0,0,0.0,,0.0,0.0,0.0,0.0,,,,
GOODBYE,Rog,C,14,0,0,0,0.0,,0.0,0.0,0.0,0.0,,,,
GOODBYE,Buffon L.,A,8,0,0,0,0.0,,0.0,0.0,0.0,0.0,,,,
GOODBYE,Dzeko,A,6,0,0,0,0.0,,0.0,0.0,0.0,0.0,,,,
GOODBYE,Vaz,A,15,5,0,5,0.0,0.0,30.0,33.0,0.0,33.0,,6.6,,
NO ONE,Barella,C,36,32,30,2,0.8333,0.9296,201.5,213.0,198.0,15.0,6.6,7.5,10.5,5.0
NO ONE,Falcone,P,36,36,36,0,1.0,1.0,230.0,195.0,195.0,0.0,5.42,,9.5,1.5
NO ONE,Zappacosta,D,36,34,31,3,0.8611,0.9002,206.0,215.5,194.0,21.5,6.26,7.17,11.0,5.0
NO ONE,Akanji,D,36,32,30,2,0.8333,0.9409,201.0,203.0,191.0,12.0,6.37,6.0,9.5,5.0
NO ONE,Leao,A,36,28,26,2,0.7222,0.9319,164.5,191.0,178.0,13.0,6.85,6.5,13.5,4.0
NO ONE,Malinovskyi,C,36,33,26,7,0.7222,0.7862,200.5,210.5,165.5,45.0,6.37,6.43,9.0,4.5
NO ONE,N'Dicka,D,36,29,25,4,0.6944,0.8639,175.5,180.0,155.5,24.5,6.22,6.12,9.0,4.5
NO ONE,Kean,A,36,24,22,2,0.6111,0.8802,143.0,167.0,147.0,20.0,6.68,10.0,12.5,4.5
NO ONE,Dybala,A,36,19,16,3,0.4444,0.8631,118.5,131.5,113.5,18.0,7.09,6.0,11.5,3.0
NO ONE,Gaetano,C,36,30,18,12,0.5,0.5979,182.0,189.0,113.0,76.0,6.28,6.33,7.5,5.5
NO ONE,Baturina,C,36,25,16,9,0.4444,0.6211,157.5,175.5,109.0,66.5,6.81,7.39,11.0,5.5
NO ONE,Bisseck,D,36,22,15,7,0.4167,0.6781,138.0,146.0,99.0,47.0,6.6,6.71,9.0,5.5
NO ONE,Samardzic,C,36,21,11,10,0.3056,0.5496,124.5,131.0,72.0,59.0,6.55,5.9,10.0,4.5
NO ONE,Casadei,C,21,18,11,7,0.5238,0.5896,104.5,106.0,62.5,43.5,5.68,6.21,8.0,5.0
NO ONE,Scalvini,D,15,14,10,4,0.6667,0.7225,83.0,86.5,62.5,24.0,6.25,6.0,10.0,5.0
NO ONE,Kempf,D,15,14,10,4,0.6667,0.731,83.5,85.5,62.5,23.0,6.25,5.75,8.5,4.5
NO ONE,Ismajli,D,36,24,10,14,0.2778,0.4246,142.0,142.5,60.5,82.0,6.05,5.86,8.0,5.0
NO ONE,Acerbi,D,21,9,9,0,0.4286,1.0,54.5,54.0,54.0,0.0,6.0,,6.5,5.0
NO ONE,Piccoli,A,15,9,6,3,0.4,0.7094,53.0,58.5,41.5,17.0,6.92,5.67,11.5,5.0
NO ONE,Solomon,A,15,8,6,2,0.4,0.7843,47.5,51.0,40.0,11.0,6.67,5.5,10.0,4.5
NO ONE,Ricci S.,C,36,27,5,22,0.1389,0.1952,162.0,166.5,32.5,134.0,6.5,6.09,9.0,5.5
NO ONE,Meister,A,21,16,5,11,0.2381,0.2821,92.5,97.5,27.5,70.0,5.5,6.36,6.0,5.0
NO ONE,Biraghi,D,21,7,4,3,0.1905,0.5897,39.0,39.0,23.0,16.0,5.75,5.33,6.0,5.5
NO ONE,Fazzini,C,21,7,4,3,0.1905,0.5556,40.5,40.5,22.5,18.0,5.62,6.0,6.0,5.5
NO ONE,Angelino,D,36,4,3,1,0.0833,0.7556,23.5,22.5,17.0,5.5,5.67,5.5,6.0,5.0
NO ONE,Baldanzi,C,15,8,2,6,0.1333,0.3048,50.5,52.5,16.0,36.5,8.0,6.08,8.0,8.0
NO ONE,Lukaku,A,36,1,1,0,0.0278,1.0,7.0,10.5,10.5,0.0,10.5,,10.5,10.5
NO ONE,Luvumbo,A,21,8,1,7,0.0476,0.1209,45.5,45.5,5.5,40.0,5.5,5.71,5.5,5.5
NO ONE,Fruchtl,P,36,0,0,0,0.0,,0.0,0.0,0.0,0.0,,,,
NO ONE,Samooja,P,36,0,0,0,0.0,,0.0,0.0,0.0,0.0,,,,
NO ONE,Berisha M.,C,15,0,0,0,0.0,,0.0,0.0,0.0,0.0,,,,
SEPTWOLVES,Orsolini,C,36,32,32,0,0.8889,1.0,193.0,213.0,213.0,0.0,6.66,,10.5,3.0
SEPTWOLVES,Carnesecchi,P,36,35,34,1,0.9444,0.9762,223.0,210.0,205.0,5.0,6.03,5.0,12.5,2.0
SEPTWOLVES,De Ketelaere,A,36,29,26,3,0.7222,0.9133,181.0,196.0,179.0,17.0,6.88,5.67,14.0,5.0
SEPTWOLVES,Wesley,D,36,28,26,2,0.7222,0.9266,170.5,177.0,164.0,13.0,6.31,6.5,11.0,4.0
SEPTWOLVES,Bernabè,C,36,30,24,6,0.6667,0.799,185.0,194.0,155.0,39.0,6.46,6.5,10.0,5.5
SEPTWOLVES,Rrahmani,D,36,19,19,0,0.5278,1.0,118.5,123.0,123.0,0.0,6.47,,10.0,4.5
SEPTWOLVES,Hien,D,21,18,18,0,0.8571,1.0,107.0,110.0,110.0,0.0,6.11,,11.0,4.5
SEPTWOLVES,Coco,D,21,21,19,2,0.9048,0.9241,119.5,118.5,109.5,9.0,5.76,4.5,7.0,5.0
SEPTWOLVES,Cancellieri,A,35,26,18,8,0.5143,0.6394,154.5,165.0,105.5,59.5,5.86,7.44,10.5,5.0
SEPTWOLVES,Zambo Anguissa,C,36,16,14,2,0.3889,0.894,97.0,108.5,97.0,11.5,6.93,5.75,11.0,5.0
SEPTWOLVES,McKennie,C,15,14,14,0,0.9333,1.0,85.0,93.5,93.5,0.0,6.68,,9.0,5.0
SEPTWOLVES,Kossounou,D,36,16,12,4,0.3333,0.7692,95.0,97.5,75.0,22.5,6.25,5.62,10.0,5.0
SEPTWOLVES,Juan Jesus,D,36,19,13,6,0.3611,0.6887,110.5,106.0,73.0,33.0,5.62,5.5,6.5,4.0
SEPTWOLVES,Strefezza,C,15,14,11,3,0.7333,0.7838,87.0,92.5,72.5,20.0,6.59,6.67,10.0,5.0
SEPTWOLVES,Coulibaly L.,C,15,14,11,3,0.7333,0.7688,84.0,86.5,66.5,20.0,6.05,6.67,8.0,5.0
SEPTWOLVES,Ferguson E.,A,36,12,9,3,0.25,0.7186,72.5,83.5,60.0,23.5,6.67,7.83,11.0,5.0
SEPTWOLVES,Dovbyk,A,36,11,8,3,0.2222,0.7237,67.0,76.0,55.0,21.0,6.88,7.0,10.0,5.0
SEPTWOLVES,Castellanos,A,21,9,8,1,0.381,0.8919,53.0,55.5,49.5,6.0,6.19,6.0,10.5,5.0
SEPTWOLVES,Guendouzi,C,21,14,7,7,0.3333,0.548,86.0,88.5,48.5,40.0,6.93,5.71,10.5,5.5
SEPTWOLVES,Folorunsho,C,21,14,8,6,0.381,0.5471,84.5,85.0,46.5,38.5,5.81,6.42,6.5,5.0
SEPTWOLVES,Vardy,A,15,10,6,4,0.4,0.6471,59.5,68.0,44.0,24.0,7.33,6.0,11.0,5.0
SEPTWOLVES,Moreo,A,21,21,7,14,0.3333,0.3232,124.5,131.5,42.5,89.0,6.07,6.36,9.5,5.0
SEPTWOLVES,Gatti,D,21,6,6,0,0.2857,1.0,36.0,40.0,40.0,0.0,6.67,,11.0,5.0
SEPTWOLVES,Cabal,D,36,9,6,3,0.1667,0.6583,53.5,60.0,39.5,20.5,6.58,6.83,11.0,5.5
SEPTWOLVES,Sohm,C,15,10,5,5,0.3333,0.4685,55.0,55.5,26.0,29.5,5.2,5.9,5.5,5.0
SEPTWOLVES,Maripan,D,15,5,4,1,0.2667,0.8197,29.0,30.5,25.0,5.5,6.25,5.5,8.5,5.0
SEPTWOLVES,Cataldi,C,15,7,4,3,0.2667,0.5529,42.0,42.5,23.5,19.0,5.88,6.33,6.5,5.0
SEPTWOLVES,Floriani Mussolini,D,15,10,3,7,0.2,0.3097,57.5,56.5,17.5,39.0,5.83,5.57,6.0,5.5
SEPTWOLVES,Cutrone,A,15,12,3,9,0.2,0.2519,67.5,67.5,17.0,50.5,5.67,5.61,6.0,5.5
SEPTWOLVES,Rovella,C,21,4,3,1,0.1429,0.7333,23.0,22.5,16.5,6.0,5.5,6.0,5.5,5.5
SEPTWOLVES,Prati,C,6,4,2,2,0.3333,0.5,22.5,22.0,11.0,11.0,5.5,5.5,5.5,5.5
SEPTWOLVES,Serdar,C,6,5,2,3,0.3333,0.386,28.5,28.5,11.0,17.5,5.5,5.83,5.5,5.5
SEPTWOLVES,Martinez Jo.,P,15,3,2,1,0.1333,0.5758,17.5,16.5,9.5,7.0,4.75,7.0,7.0,2.5
SEPTWOLVES,Lovric,C,15,2,0,2,0.0,0.0,10.5,10.0,0.0,10.0,,5.0,,
SEPTWOLVES,Lovik,D,15,4,0,4,0.0,0.0,22.0,22.0,0.0,22.0,,5.5,,
SEPTWOLVES,Rossi F.,P,21,0,0,0,0.0,,0.0,0.0,0.0,0.0,,,,
SEPTWOLVES,Sportiello,P,36,1,0,1,0.0,0.0,5.5,4.5,0.0,4.5,,4.5,,
SEPTWOLVES,Kostic,C,15,0,0,0,0.0,,0.0,0.0,0.0,0.0,,,,
TEAM WOLFLING,Dimarco,D,36,33,32,1,0.8889,0.9766,218.5,256.5,250.5,6.0,7.83,6.0,12.5,5.0
TEAM WOLFLING,McTominay,C,36,31,31,0,0.8611,1.0,197.5,224.5,224.5,0.0,7.24,,13.5,5.0
TEAM WOLFLING,Mandragora,C,34,32,29,3,0.8529,0.8978,192.5,205.5,184.5,21.0,6.36,7.0,10.0,5.0
TEAM WOLFLING,Douvikas,A,36,34,24,10,0.6667,0.751,210.0,245.0,184.0,61.0,7.67,6.1,14.0,5.0
TEAM WOLFLING,Pavlovic,D,35,31,27,4,0.7714,0.8744,193.5,203.0,177.5,25.5,6.57,6.38,11.0,5.0
TEAM WOLFLING,Berardi,A,26,24,22,2,0.8462,0.9296,151.0,170.5,158.5,12.0,7.2,6.0,15.5,4.5
TEAM WOLFLING,Atta,C,31,30,23,7,0.7419,0.7371,190.0,203.5,150.0,53.5,6.52,7.64,11.5,5.0
TEAM WOLFLING,Di Gregorio,P,36,28,27,1,0.75,0.9369,170.0,158.5,148.5,10.0,5.5,10.0,7.5,2.5
TEAM WOLFLING,Di Lorenzo,D,25,24,20,4,0.8,0.8482,146.0,151.5,128.5,23.0,6.42,5.75,9.5,5.0
TEAM WOLFLING,Zalewski,C,34,29,20,9,0.5882,0.6576,176.5,184.0,121.0,63.0,6.05,7.0,7.5,5.0
TEAM WOLFLING,Baschirotto,D,31,26,17,9,0.5484,0.6764,152.5,154.5,104.5,50.0,6.15,5.56,9.5,5.0
TEAM WOLFLING,Vardy,A,21,19,16,3,0.7619,0.8462,113.0,123.5,104.5,19.0,6.53,6.33,14.0,5.0
TEAM WOLFLING,Ostigard,D,20,18,16,2,0.8,0.8884,113.0,116.5,103.5,13.0,6.47,6.5,9.5,4.5
TEAM WOLFLING,Gutierrez,D,15,13,12,1,0.8,0.9367,78.0,79.0,74.0,5.0,6.17,5.0,7.5,5.5
TEAM WOLFLING,Konè I.,C,21,20,11,9,0.5238,0.5676,123.5,129.5,73.5,56.0,6.68,6.22,10.0,5.0
TEAM WOLFLING,Volpato,C,30,18,8,10,0.2667,0.4805,110.0,115.5,55.5,60.0,6.94,6.0,11.5,5.5
TEAM WOLFLING,Perin,P,36,9,9,0,0.25,1.0,55.0,49.0,49.0,0.0,5.44,,7.5,2.5
TEAM WOLFLING,Vazquez,C,15,10,7,3,0.4667,0.7008,61.5,63.5,44.5,19.0,6.36,6.33,7.5,5.5
TEAM WOLFLING,Banda,A,20,20,6,14,0.3,0.3097,122.5,134.0,41.5,92.5,6.92,6.61,10.0,5.5
TEAM WOLFLING,Pedro,A,34,21,6,15,0.1765,0.2842,129.5,142.5,40.5,102.0,6.75,6.8,11.0,5.0
TEAM WOLFLING,Veiga D.,D,15,14,4,10,0.2667,0.2945,82.5,81.5,24.0,57.5,6.0,5.75,6.5,5.0
TEAM WOLFLING,Frattesi,C,21,7,4,3,0.1905,0.5714,42.0,42.0,24.0,18.0,6.0,6.0,6.0,6.0
TEAM WOLFLING,Circati,D,20,19,4,15,0.2,0.2196,109.5,107.0,23.5,83.5,5.88,5.57,6.5,5.0
TEAM WOLFLING,Comuzzo,D,15,9,3,6,0.2,0.3529,51.0,51.0,18.0,33.0,6.0,5.5,6.5,5.5
TEAM WOLFLING,Bianchetti,D,20,17,3,14,0.15,0.1735,97.5,98.0,17.0,81.0,5.67,5.79,6.0,5.0
TEAM WOLFLING,Belghali,D,14,11,3,8,0.2143,0.2636,64.0,64.5,17.0,47.5,5.67,5.94,6.0,5.5
TEAM WOLFLING,Gatti,D,11,8,3,5,0.2727,0.3333,46.5,49.5,16.5,33.0,5.5,6.6,6.0,5.0
TEAM WOLFLING,Buksa,A,15,11,2,9,0.1333,0.1778,65.0,67.5,12.0,55.5,6.0,6.17,6.5,5.5
TEAM WOLFLING,Mazzitelli,C,9,4,2,2,0.2222,0.4889,22.5,22.5,11.0,11.5,5.5,5.75,5.5,5.5
TEAM WOLFLING,De Roon,C,14,14,2,12,0.1429,0.1341,81.5,82.0,11.0,71.0,5.5,5.92,6.0,5.0
TEAM WOLFLING,Asllani,C,21,13,1,12,0.0476,0.087,72.5,69.0,6.0,63.0,6.0,5.25,6.0,6.0
TEAM WOLFLING,Piccoli,A,15,12,1,11,0.0667,0.087,67.0,69.0,6.0,63.0,6.0,5.73,6.0,6.0
TEAM WOLFLING,Sarr A.,A,14,7,1,6,0.0714,0.1282,39.0,39.0,5.0,34.0,5.0,5.67,5.0,5.0
TEAM WOLFLING,Pinsoglio,P,25,0,0,0,0.0,,0.0,0.0,0.0,0.0,,,,
TEAM WOLFLING,Ekuban,A,3,1,0,1,0.0,0.0,6.0,6.0,0.0,6.0,,6.0,,
TEAM WOLFLING,Cheddira,A,15,15,0,15,0.0,0.0,87.5,96.5,0.0,96.5,,6.43,,
TEAM YANGTUO,Locatelli,C,35,34,33,1,0.9429,0.969,212.5,210.0,203.5,6.5,6.17,6.5,8.5,3.0
TEAM YANGTUO,Castro S.,A,36,33,30,3,0.8333,0.92,194.5,212.5,195.5,17.0,6.52,5.67,13.0,4.5
TEAM YANGTUO,De Gea,P,36,35,35,0,0.9722,1.0,219.0,183.0,183.0,0.0,5.23,,9.0,1.5
TEAM YANGTUO,Solet,D,34,32,28,4,0.8235,0.8775,197.5,204.0,179.0,25.0,6.39,6.25,8.5,3.5
TEAM YANGTUO,Calhanoglu,C,27,21,20,1,0.7407,0.9335,138.5,158.0,147.5,10.5,7.38,10.5,14.0,2.0
TEAM YANGTUO,Hermoso,D,32,24,21,3,0.6562,0.8669,147.5,154.0,133.5,20.5,6.36,6.83,10.0,5.0
TEAM YANGTUO,Dodò,D,34,34,22,12,0.6471,0.6527,202.5,203.0,132.5,70.5,6.02,5.88,9.5,5.0
TEAM YANGTUO,Luis Henrique,C,19,17,15,2,0.7895,0.8835,100.0,103.0,91.0,12.0,6.07,6.0,9.0,5.0
TEAM YANGTUO,Barbieri,D,35,26,15,11,0.4286,0.5934,155.5,152.5,90.5,62.0,6.03,5.64,8.0,5.0
TEAM YANGTUO,Zortea,D,36,26,15,11,0.4167,0.5765,152.5,153.5,88.5,65.0,5.9,5.91,7.5,5.0
TEAM YANGTUO,Vitinha O.,A,20,18,14,4,0.7,0.7629,108.5,116.0,88.5,27.5,6.32,6.88,10.5,5.0
TEAM YANGTUO,Taylor K.,C,14,13,11,2,0.7857,0.8538,80.0,85.5,73.0,12.5,6.64,6.25,13.5,5.0
TEAM YANGTUO,Tramoni M.,C,31,23,11,12,0.3548,0.4618,131.5,137.5,63.5,74.0,5.77,6.17,8.5,4.5
TEAM YANGTUO,Muharemovic,D,20,18,10,8,0.5,0.5777,106.5,103.0,59.5,43.5,5.95,5.44,6.5,5.0
TEAM YANGTUO,Kilicsoy,A,21,12,9,3,0.4286,0.7838,70.0,74.0,58.0,16.0,6.44,5.33,9.5,5.0
TEAM YANGTUO,Bowie,A,15,14,8,6,0.5333,0.5914,83.5,93.0,55.0,38.0,6.88,6.33,10.0,5.0
TEAM YANGTUO,Stulic,A,36,29,9,20,0.25,0.3062,166.5,178.0,54.5,123.5,6.06,6.17,11.0,5.0
TEAM YANGTUO,Bernede,C,17,14,9,5,0.5294,0.6335,81.0,80.5,51.0,29.5,5.67,5.9,6.5,5.5
TEAM YANGTUO,Nkunku,A,15,12,6,6,0.4,0.5875,71.0,80.0,47.0,33.0,7.83,5.5,12.5,6.0
TEAM YANGTUO,Brescianini,C,15,10,7,3,0.4667,0.7143,59.0,59.5,42.5,17.0,6.07,5.67,7.5,5.0
TEAM YANGTUO,Britschgi,D,20,15,7,8,0.35,0.4939,84.0,82.0,40.5,41.5,5.79,5.19,6.0,5.5
TEAM YANGTUO,Dia,A,14,11,6,5,0.4286,0.5537,60.5,60.5,33.5,27.0,5.58,5.4,6.0,5.0
TEAM YANGTUO,Krstovic,A,15,10,6,4,0.4,0.4846,57.5,65.0,31.5,33.5,5.25,8.38,6.0,4.5
TEAM YANGTUO,Bernasconi,D,10,10,5,5,0.5,0.5082,60.0,61.0,31.0,30.0,6.2,6.0,7.5,5.5
TEAM YANGTUO,Lobotka,C,16,15,5,10,0.3125,0.3194,91.5,95.5,30.5,65.0,6.1,6.5,6.5,5.5
TEAM YANGTUO,Rowe,C,13,8,5,3,0.3846,0.6224,49.5,49.0,30.5,18.5,6.1,6.17,6.5,5.5
TEAM YANGTUO,Bailey,C,9,5,5,0,0.5556,1.0,28.5,28.5,28.5,0.0,5.7,,6.0,5.5
TEAM YANGTUO,Olivera,D,15,9,5,4,0.3333,0.5408,50.0,49.0,26.5,22.5,5.3,5.62,5.5,5.0
TEAM YANGTUO,Gimenez,A,8,7,5,2,0.625,0.6667,39.5,39.0,26.0,13.0,5.2,6.5,5.5,4.5
TEAM YANGTUO,Romagnoli,D,6,5,3,2,0.5,0.5862,30.0,29.0,17.0,12.0,5.67,6.0,6.5,4.5
TEAM YANGTUO,Durosinmi,A,12,7,3,4,0.25,0.4595,38.0,37.0,17.0,20.0,5.67,5.0,6.0,5.5
TEAM YANGTUO,Scalvini,D,6,2,2,0,0.3333,1.0,13.0,15.0,15.0,0.0,7.5,,9.0,6.0
TEAM YANGTUO,Gutierrez,D,12,5,2,3,0.1667,0.3966,29.0,29.0,11.5,17.5,5.75,5.83,6.0,5.5
TEAM YANGTUO,Christensen O.,P,15,1,1,0,0.0667,1.0,7.5,7.5,7.5,0.0,7.5,,7.5,7.5
TEAM YANGTUO,Zhegrova,C,20,7,1,6,0.05,0.1529,42.5,42.5,6.5,36.0,6.5,6.0,6.5,6.5
TEAM YANGTUO,Benedyczak,A,6,1,1,0,0.1667,1.0,6.0,6.0,6.0,0.0,6.0,,6.0,6.0
TEAM YANGTUO,Noslin,A,5,3,1,2,0.2,0.25,15.0,14.0,3.5,10.5,3.5,5.25,3.5,3.5
TEAM YANGTUO,Stengs,C,2,0,0,0,0.0,,0.0,0.0,0.0,0.0,,,,
TEAM YANGTUO,Martinelli T.,P,21,0,0,0,0.0,,0.0,0.0,0.0,0.0,,,,
TEAM YANGTUO,Lezzerini,P,36,0,0,0,0.0,,0.0,0.0,0.0,0.0,,,,
TEAM YANGTUO,Akinsanmiro,C,6,1,0,1,0.0,0.0,5.0,4.5,0.0,4.5,,4.5,,
TEAM YANGTUO,Sottil,C,7,4,0,4,0.0,0.0,24.0,25.0,0.0,25.0,,6.25,,
WINNING MOMENT,Kalulu,D,35,35,35,0,1.0,1.0,215.5,225.5,225.5,0.0,6.44,,11.0,4.0
WINNING MOMENT,Hojlund,A,36,33,30,3,0.8333,0.8912,205.0,243.5,217.0,26.5,7.23,8.83,14.0,4.5
WINNING MOMENT,Svilar,P,36,36,36,0,1.0,1.0,225.5,210.5,210.5,0.0,5.85,,8.0,0.5
WINNING MOMENT,Modric,C,36,31,29,2,0.8056,0.9378,200.0,209.0,196.0,13.0,6.76,6.5,11.5,5.5
WINNING MOMENT,Perrone,C,36,34,24,10,0.6667,0.7065,212.0,221.5,156.5,65.0,6.52,6.5,11.0,5.0
WINNING MOMENT,Tomori,D,36,30,25,5,0.6944,0.8254,179.0,177.5,146.5,31.0,5.86,6.2,8.0,3.5
WINNING MOMENT,Soulè,A,24,22,19,3,0.7917,0.897,135.0,150.5,135.0,15.5,7.11,5.17,11.5,5.0
WINNING MOMENT,Pasalic,C,36,29,23,6,0.6389,0.7486,171.0,177.0,132.5,44.5,5.76,7.42,7.5,4.5
WINNING MOMENT,Adams C.,A,34,30,16,14,0.4706,0.5885,180.5,200.5,118.0,82.5,7.38,5.89,11.0,5.5
WINNING MOMENT,Celik,D,21,19,18,1,0.8571,0.9492,117.5,118.0,112.0,6.0,6.22,6.0,8.0,5.5
WINNING MOMENT,Carlos Augusto,D,36,27,17,10,0.4722,0.6396,165.5,166.5,106.5,60.0,6.26,6.0,9.0,5.5
WINNING MOMENT,Kelly L.,D,21,20,16,4,0.7619,0.8074,121.5,122.0,98.5,23.5,6.16,5.88,7.5,5.5
WINNING MOMENT,Isaksen,C,36,27,14,13,0.3889,0.5112,163.0,178.0,91.0,87.0,6.5,6.69,10.0,5.5
WINNING MOMENT,Krstovic,A,21,20,13,7,0.619,0.5933,127.5,150.0,89.0,61.0,6.85,8.71,11.5,5.0
WINNING MOMENT,David,A,36,28,14,14,0.3889,0.4972,161.0,176.0,87.5,88.5,6.25,6.32,11.5,5.0
WINNING MOMENT,Elmas,C,36,28,14,14,0.3889,0.515,162.5,167.0,86.0,81.0,6.14,5.79,10.0,5.0
WINNING MOMENT,Moreno Alb.,D,36,16,11,5,0.3056,0.7108,97.0,102.0,72.5,29.5,6.59,5.9,10.5,4.5
WINNING MOMENT,Bartesaghi,D,21,18,10,8,0.4762,0.5495,104.0,101.0,55.5,45.5,5.55,5.69,6.5,3.5
WINNING MOMENT,Estupinan,D,33,12,7,5,0.2121,0.5221,67.0,68.0,35.5,32.5,5.07,6.5,6.5,4.0
WINNING MOMENT,Ekkelenkamp,C,21,18,5,13,0.2381,0.2756,111.0,127.0,35.0,92.0,7.0,7.08,11.5,5.5
WINNING MOMENT,Koopmeiners,C,36,27,6,21,0.1667,0.2207,151.5,149.5,33.0,116.5,5.5,5.55,6.0,4.5
WINNING MOMENT,Ngonge,A,21,15,3,12,0.1429,0.232,88.5,90.5,21.0,69.5,7.0,5.79,9.0,5.5
WINNING MOMENT,Ahanor,D,15,8,3,5,0.2,0.3913,46.0,46.0,18.0,28.0,6.0,5.6,6.5,5.5
WINNING MOMENT,Dominguez B.,A,15,8,2,6,0.1333,0.2708,46.5,48.0,13.0,35.0,6.5,5.83,7.5,5.5
WINNING MOMENT,Sabelli,D,15,4,2,2,0.1333,0.4524,23.0,21.0,9.5,11.5,4.75,5.75,6.0,3.5
WINNING MOMENT,Gollini,P,36,0,0,0,0.0,,0.0,0.0,0.0,0.0,,,,
WINNING MOMENT,Zelezny,P,36,0,0,0,0.0,,0.0,0.0,0.0,0.0,,,,
WINNING MOMENT,Darmian,D,10,0,0,0,0.0,,0.0,0.0,0.0,0.0,,,,
WINNING MOMENT,Anjorin,C,12,2,0,2,0.0,0.0,11.0,10.5,0.0,10.5,,5.25,,
WINNING MOMENT,Messias,C,9,2,0,2,0.0,0.0,12.5,12.5,0.0,12.5,,6.25,,
WINNING MOMENT,Adzic,C,12,1,0,1,0.0,0.0,6.0,6.0,0.0,6.0,,6.0,,
WINNING MOMENT,Borrelli,A,1,0,0,0,0.0,,0.0,0.0,0.0,0.0,,,,
XIAWA NO.92,Paz N.,C,36,33,33,0,0.9167,1.0,209.0,235.5,235.5,0.0,7.14,,12.5,2.5
XIAWA NO.92,Maignan,P,36,35,35,0,0.9722,1.0,219.5,205.5,205.5,0.0,5.87,,12.0,2.5
XIAWA NO.92,Laurientè,A,36,35,29,6,0.8056,0.8296,219.5,246.5,204.5,42.0,7.05,7.0,12.0,5.0
XIAWA NO.92,Thuram K.,C,36,32,29,3,0.8056,0.8916,195.0,203.0,181.0,22.0,6.24,7.33,9.0,5.0
XIAWA NO.92,Spinazzola,D,36,29,27,2,0.75,0.9289,179.0,190.0,176.5,13.5,6.54,6.75,11.0,5.0
XIAWA NO.92,Valeri,D,32,32,27,5,0.8438,0.844,194.5,195.5,165.0,30.5,6.11,6.1,8.0,5.0
XIAWA NO.92,Vasquez,D,36,34,25,9,0.6944,0.7373,206.5,207.5,153.0,54.5,6.12,6.06,9.0,4.5
XIAWA NO.92,Rodriguez Je.,A,33,26,21,5,0.6364,0.8068,163.0,176.0,142.0,34.0,6.76,6.8,12.5,5.0
XIAWA NO.92,Giovane,A,36,29,16,13,0.4444,0.5591,173.0,186.0,104.0,82.0,6.5,6.31,12.5,5.5
XIAWA NO.92,Vandeputte,C,36,29,16,13,0.4444,0.5402,175.0,180.5,97.5,83.0,6.09,6.38,8.0,5.5
XIAWA NO.92,Buongiorno,D,19,17,16,1,0.8421,0.9409,102.5,101.5,95.5,6.0,5.97,6.0,6.5,5.0
XIAWA NO.92,Esposito Se.,A,21,20,13,7,0.619,0.6203,125.0,133.0,82.5,50.5,6.35,7.21,9.0,5.0
XIAWA NO.92,Delprato,D,36,33,13,20,0.3611,0.3725,194.5,200.0,74.5,125.5,5.73,6.28,7.5,4.5
XIAWA NO.92,Esposito F.P.,A,15,13,11,2,0.7333,0.8409,80.0,88.0,74.0,14.0,6.73,7.0,9.0,5.5
XIAWA NO.92,Diao,A,31,16,11,5,0.3548,0.7059,96.0,102.0,72.0,30.0,6.55,6.0,12.5,5.0
XIAWA NO.92,Luperto,D,36,32,12,20,0.3333,0.3641,185.0,184.0,67.0,117.0,5.58,5.85,7.0,4.5
XIAWA NO.92,Lobotka,C,15,13,9,4,0.6,0.6883,78.0,77.0,53.0,24.0,5.89,6.0,6.5,4.5
XIAWA NO.92,Terracciano F.,D,36,33,8,25,0.2222,0.2507,192.0,187.5,47.0,140.5,5.88,5.62,6.5,5.0
XIAWA NO.92,Mina,D,15,11,7,4,0.4667,0.6691,65.5,69.5,46.5,23.0,6.64,5.75,10.0,4.0
XIAWA NO.92,Caqueret,C,15,12,7,5,0.4667,0.5629,72.5,75.5,42.5,33.0,6.07,6.6,7.5,5.0
XIAWA NO.92,Fofana Y.,C,21,17,7,10,0.3333,0.3961,101.5,103.5,41.0,62.5,5.86,6.25,6.5,5.0
XIAWA NO.92,Oristanio,C,36,17,4,13,0.1111,0.2167,97.5,101.5,22.0,79.5,5.5,6.12,6.0,5.0
XIAWA NO.92,Canestrelli,D,15,15,4,11,0.2667,0.2485,85.0,84.5,21.0,63.5,5.25,5.77,6.0,5.0
XIAWA NO.92,De Winter,D,15,10,3,7,0.2,0.3304,55.0,56.0,18.5,37.5,6.17,5.36,7.5,5.5
XIAWA NO.92,Basic,C,21,12,2,10,0.0952,0.1678,71.5,74.5,12.5,62.0,6.25,6.2,6.5,6.0
XIAWA NO.92,Cambiaghi,A,15,6,2,4,0.1333,0.338,34.5,35.5,12.0,23.5,6.0,5.88,6.0,6.0
XIAWA NO.92,Nicolussi Caviglia,C,15,8,2,6,0.1333,0.2444,45.0,45.0,11.0,34.0,5.5,5.67,5.5,5.5
XIAWA NO.92,Terracciano,P,36,2,1,1,0.0278,0.5,12.0,14.0,7.0,7.0,7.0,7.0,7.0,7.0
XIAWA NO.92,Zerbin,C,21,15,1,14,0.0476,0.0643,85.0,85.5,5.5,80.0,5.5,5.71,5.5,5.5
XIAWA NO.92,Diego Carlos,D,6,2,1,1,0.1667,0.4583,12.0,12.0,5.5,6.5,5.5,6.5,5.5,5.5
XIAWA NO.92,Miretti,C,15,6,1,5,0.0667,0.1642,33.5,33.5,5.5,28.0,5.5,5.6,5.5,5.5
XIAWA NO.92,Collocolo,C,16,2,1,1,0.0625,0.4762,11.0,10.5,5.0,5.5,5.0,5.5,5.0,5.0
XIAWA NO.92,Dzeko,A,15,8,1,7,0.0667,0.1124,45.0,44.5,5.0,39.5,5.0,5.64,5.0,5.0
XIAWA NO.92,Torriani,P,36,0,0,0,0.0,,0.0,0.0,0.0,0.0,,,,
XIAWA NO.92,Addai,A,6,1,0,1,0.0,0.0,5.5,5.0,0.0,5.0,,5.0,,
ZLZ AND HIS FRIENDS,Thuram,A,35,27,27,0,0.7714,1.0,172.5,202.5,202.5,0.0,7.5,,12.5,5.0
ZLZ AND HIS FRIENDS,Zaniolo,C,35,31,29,2,0.8286,0.9238,194.0,210.0,194.0,16.0,6.69,8.0,11.0,4.5
ZLZ AND HIS FRIENDS,Miranda J.,D,35,30,30,0,0.8571,1.0,180.5,184.5,184.5,0.0,6.15,,9.5,4.0
ZLZ AND HIS FRIENDS,Pulisic,C,35,24,24,0,0.6857,1.0,148.0,172.0,172.0,0.0,7.17,,15.5,3.0
ZLZ AND HIS FRIENDS,Bonazzoli,A,36,34,20,14,0.5556,0.6169,208.0,231.0,142.5,88.5,7.12,6.32,14.0,4.5
ZLZ AND HIS FRIENDS,Colombo,A,36,35,19,16,0.5278,0.5717,208.5,226.5,129.5,97.0,6.82,6.06,11.0,5.0
ZLZ AND HIS FRIENDS,Martin,D,36,27,21,6,0.5833,0.7748,161.0,166.5,129.0,37.5,6.14,6.25,9.5,3.0
ZLZ AND HIS FRIENDS,Zaccagni,C,36,24,21,3,0.5833,0.8929,140.5,140.0,125.0,15.0,5.95,5.0,10.0,3.5
ZLZ AND HIS FRIENDS,Dumfries,D,35,17,17,0,0.4857,1.0,103.0,109.0,109.0,0.0,6.41,,14.0,5.0
ZLZ AND HIS FRIENDS,Idzes,D,36,34,17,17,0.4722,0.521,202.5,202.5,105.5,97.0,6.21,5.71,7.5,5.5
ZLZ AND HIS FRIENDS,Mkhitaryan,C,35,25,15,10,0.4286,0.5818,156.0,165.0,96.0,69.0,6.4,6.9,9.0,5.0
ZLZ AND HIS FRIENDS,Kristensen T.,D,35,25,15,10,0.4286,0.62,148.0,150.0,93.0,57.0,6.2,5.7,9.0,5.0
ZLZ AND HIS FRIENDS,Bonny,A,35,25,13,12,0.3714,0.5401,153.0,168.5,91.0,77.5,7.0,6.46,15.5,5.0
ZLZ AND HIS FRIENDS,Neres,C,36,15,13,2,0.3611,0.8708,93.0,104.5,91.0,13.5,7.0,6.75,13.5,5.0
ZLZ AND HIS FRIENDS,Ramon,D,34,29,14,15,0.4118,0.4718,179.0,177.0,83.5,93.5,5.96,6.23,7.0,4.5
ZLZ AND HIS FRIENDS,Skorupski,P,35,15,14,1,0.4,0.9432,93.5,88.0,83.0,5.0,5.93,5.0,8.0,4.5
ZLZ AND HIS FRIENDS,Gabbia,D,36,27,12,15,0.3333,0.4222,159.5,157.5,66.5,91.0,5.54,6.07,6.0,4.5
ZLZ AND HIS FRIENDS,Ravaglia F.,P,36,17,14,3,0.3889,0.7484,105.5,77.5,58.0,19.5,4.14,6.5,7.5,2.0
ZLZ AND HIS FRIENDS,Marusic,D,15,14,8,6,0.5333,0.5706,84.5,85.0,48.5,36.5,6.06,6.08,6.5,5.5
ZLZ AND HIS FRIENDS,Orban G.,A,20,13,8,5,0.4,0.6078,73.0,76.5,46.5,30.0,5.81,6.0,8.5,3.0
ZLZ AND HIS FRIENDS,Fofana Y.,C,14,13,7,6,0.5,0.5528,75.5,80.5,44.5,36.0,6.36,6.0,11.0,5.0
ZLZ AND HIS FRIENDS,Sucic P.,C,35,25,7,18,0.2,0.2839,152.5,155.0,44.0,111.0,6.29,6.17,8.0,5.5
ZLZ AND HIS FRIENDS,Nkunku,A,20,13,6,7,0.3,0.4581,78.5,89.5,41.0,48.5,6.83,6.93,10.0,5.5
ZLZ AND HIS FRIENDS,Frendrup,C,36,34,5,29,0.1389,0.1724,202.5,203.0,35.0,168.0,7.0,5.79,9.5,5.5
ZLZ AND HIS FRIENDS,Freuler,C,21,13,4,9,0.1905,0.32,77.5,75.0,24.0,51.0,6.0,5.67,6.5,5.5
ZLZ AND HIS FRIENDS,Leali,P,21,18,3,15,0.1429,0.1648,110.0,88.0,14.5,73.5,4.83,4.9,7.0,3.0
ZLZ AND HIS FRIENDS,Muric,P,14,10,3,7,0.2143,0.266,59.0,47.0,12.5,34.5,4.17,4.93,4.5,4.0
ZLZ AND HIS FRIENDS,Lang,A,15,11,2,9,0.1333,0.1791,66.0,67.0,12.0,55.0,6.0,6.11,6.0,6.0
ZLZ AND HIS FRIENDS,Zappa,D,21,10,2,8,0.0952,0.2034,58.0,59.0,12.0,47.0,6.0,5.88,6.5,5.5
ZLZ AND HIS FRIENDS,Almqvist,A,15,4,0,4,0.0,0.0,23.5,23.5,0.0,23.5,,5.88,,
