giornata,team,opponent,side,score_for,score_against,result,totale,module,modificatore_difesa,fattore_campo
1,TEAM GLIDER,VINCENZO,home,1,1,D,71.0,433,2.0,2.0
1,VINCENZO,TEAM GLIDER,away,1,1,D,67.5,433,0.5,
1,ASS ASS IN FC,TEAM WOLFLING,home,1,0,W,69.0,442,0.5,2.0
1,TEAM WOLFLING,ASS ASS IN FC,away,0,1,L,62.0,442,,
1,TOMATO,TEAM HAIR FLICK,home,1,3,L,68.0,433,0.5,2.0
1,TEAM HAIR FLICK,TOMATO,away,3,1,W,80.5,343,,
1,BOBOTOTTI,TEAM YANGTUO,home,2,2,D,77.0,343,,2.0
1,TEAM YANGTUO,BOBOTOTTI,away,2,2,D,73.0,343,,
1,PAUL POGSHAO,CHELSEA,home,1,4,L,70.5,442,1.0,2.0
1,CHELSEA,PAUL POGSHAO,away,4,1,W,85.5,433,1.0,
2,TEAM WOLFLING,TEAM GLIDER,home,4,0,W,87.5,442,1.0,2.0
2,TEAM GLIDER,TEAM WOLFLING,away,0,4,L,63.0,433,,
2,TEAM YANGTUO,PAUL POGSHAO,home,1,2,L,69.0,352,,2.0
2,PAUL POGSHAO,TEAM YANGTUO,away,2,1,W,73.5,442,1.0,
2,TEAM HAIR FLICK,BOBOTOTTI,home,0,3,L,63.5,343,,2.0
2,BOBOTOTTI,TEAM HAIR FLICK,away,3,0,W,78.5,343,,
2,VINCENZO,TOMATO,home,1,1,D,70.0,433,1.0,2.0
2,TOMATO,VINCENZO,away,1,1,D,67.5,433,1.0,
2,CHELSEA,ASS ASS IN FC,home,1,1,D,67.5,433,1.0,2.0
2,ASS ASS IN FC,CHELSEA,away,1,1,D,66.0,451,0.5,
3,TEAM GLIDER,CHELSEA,home,1,2,L,67.5,433,,2.0
3,CHELSEA,TEAM GLIDER,away,2,1,W,74.0,433,1.0,
3,ASS ASS IN FC,TEAM YANGTUO,home,1,3,L,69.0,442,0.5,2.0
3,TEAM YANGTUO,ASS ASS IN FC,away,3,1,W,78.5,343,,
3,TOMATO,TEAM WOLFLING,home,2,3,L,74.0,433,1.0,2.0
3,TEAM WOLFLING,TOMATO,away,3,2,W,80.0,442,2.0,
3,VINCENZO,TEAM HAIR FLICK,home,2,1,W,74.5,433,0.5,2.0
3,TEAM HAIR FLICK,VINCENZO,away,1,2,L,66.0,433,,
3,PAUL POGSHAO,BOBOTOTTI,home,3,2,W,79.0,433,1.0,2.0
3,BOBOTOTTI,PAUL POGSHAO,away,2,3,L,72.5,343,,
4,TEAM WOLFLING,VINCENZO,home,1,2,L,67.5,442,1.0,2.0
4,VINCENZO,TEAM WOLFLING,away,2,1,W,73.0,433,0.5,
4,BOBOTOTTI,ASS ASS IN FC,home,1,3,L,67.0,343,,2.0
4,ASS ASS IN FC,BOBOTOTTI,away,3,1,W,79.0,343,,
4,TEAM YANGTUO,TEAM GLIDER,home,1,1,D,66.5,343,,2.0
4,TEAM GLIDER,TEAM YANGTUO,away,1,1,D,66.5,433,0.5,
4,TEAM HAIR FLICK,PAUL POGSHAO,home,1,5,L,70.5,433,0.5,2.0
4,PAUL POGSHAO,TEAM HAIR FLICK,away,5,1,W,92.0,442,3.0,
4,CHELSEA,TOMATO,home,1,2,L,66.5,433,,2.0
4,TOMATO,CHELSEA,away,2,1,W,74.5,343,,
5,TEAM GLIDER,BOBOTOTTI,home,1,1,D,66.0,343,,2.0
5,BOBOTOTTI,TEAM GLIDER,away,1,1,D,66.0,343,,
5,ASS ASS IN FC,PAUL POGSHAO,home,2,1,W,76.5,343,,2.0
5,PAUL POGSHAO,ASS ASS IN FC,away,1,2,L,71.0,433,0.5,
5,TEAM WOLFLING,TEAM HAIR FLICK,home,1,0,W,67.0,532,1.0,2.0
5,TEAM HAIR FLICK,TEAM WOLFLING,away,0,1,L,65.0,343,,
5,TOMATO,TEAM YANGTUO,home,1,0,W,70.0,343,,2.0
5,TEAM YANGTUO,TOMATO,away,0,1,L,63.5,442,0.5,
5,VINCENZO,CHELSEA,home,1,2,L,68.0,433,0.5,2.0
5,CHELSEA,VINCENZO,away,2,1,W,72.0,343,,
6,BOBOTOTTI,TOMATO,home,0,0,D,65.5,343,,2.0
6,TOMATO,BOBOTOTTI,away,0,0,D,65.5,343,,
6,TEAM YANGTUO,VINCENZO,home,2,0,W,76.5,442,1.0,2.0
6,VINCENZO,TEAM YANGTUO,away,0,2,L,64.0,433,1.0,
6,TEAM HAIR FLICK,ASS ASS IN FC,home,2,1,W,75.0,343,,2.0
6,ASS ASS IN FC,TEAM HAIR FLICK,away,1,2,L,69.0,343,,
6,CHELSEA,TEAM WOLFLING,home,0,0,D,65.0,433,,2.0
6,TEAM WOLFLING,CHELSEA,away,0,0,D,65.5,532,,
6,PAUL POGSHAO,TEAM GLIDER,home,2,1,W,75.0,433,1.0,2.0
6,TEAM GLIDER,PAUL POGSHAO,away,1,2,L,67.0,343,,
7,TEAM GLIDER,ASS ASS IN FC,home,2,2,D,73.5,343,,2.0
7,ASS ASS IN FC,TEAM GLIDER,away,2,2,D,74.0,343,,
7,TEAM WOLFLING,TEAM YANGTUO,home,2,1,W,76.0,532,1.0,2.0
7,TEAM YANGTUO,TEAM WOLFLING,away,1,2,L,70.0,433,1.0,
7,TOMATO,PAUL POGSHAO,home,1,2,L,68.5,343,,2.0
7,PAUL POGSHAO,TOMATO,away,2,1,W,73.5,433,1.0,
7,VINCENZO,BOBOTOTTI,home,1,2,L,66.5,433,1.0,2.0
7,BOBOTOTTI,VINCENZO,away,2,1,W,77.0,343,,
7,CHELSEA,TEAM HAIR FLICK,home,3,0,W,83.5,343,,2.0
7,TEAM HAIR FLICK,CHELSEA,away,0,3,L,63.0,343,,
8,TEAM GLIDER,TEAM HAIR FLICK,home,3,3,D,79.0,343,,2.0
8,TEAM HAIR FLICK,TEAM GLIDER,away,3,3,D,78.0,343,,
8,ASS ASS IN FC,TOMATO,home,2,1,W,77.0,343,,2.0
8,TOMATO,ASS ASS IN FC,away,1,2,L,70.0,442,0.5,
8,BOBOTOTTI,TEAM WOLFLING,home,1,0,W,71.0,343,,2.0
8,TEAM WOLFLING,BOBOTOTTI,away,0,1,L,56.5,433,0.5,
8,TEAM YANGTUO,CHELSEA,home,1,0,W,66.0,343,,2.0
8,CHELSEA,TEAM YANGTUO,away,0,1,L,63.0,343,,
8,PAUL POGSHAO,VINCENZO,home,2,1,W,76.0,433,1.0,2.0
8,VINCENZO,PAUL POGSHAO,away,1,2,L,69.5,433,0.5,
9,TEAM WOLFLING,PAUL POGSHAO,home,1,1,D,68.5,541,1.0,2.0
9,PAUL POGSHAO,TEAM WOLFLING,away,1,1,D,66.0,442,0.5,
9,TOMATO,TEAM GLIDER,home,3,0,W,80.5,442,0.5,2.0
9,TEAM GLIDER,TOMATO,away,0,3,L,62.5,343,,
9,TEAM HAIR FLICK,TEAM YANGTUO,home,2,0,W,72.5,433,1.0,2.0
9,TEAM YANGTUO,TEAM HAIR FLICK,away,0,2,L,65.0,433,1.0,
9,VINCENZO,ASS ASS IN FC,home,0,0,D,62.5,433,,2.0
9,ASS ASS IN FC,VINCENZO,away,0,0,D,58.0,352,,
9,CHELSEA,BOBOTOTTI,home,1,1,D,71.0,343,,2.0
9,BOBOTOTTI,CHELSEA,away,1,1,D,67.5,343,,
10,TEAM GLIDER,TEAM WOLFLING,home,1,2,L,67.5,343,,2.0
10,TEAM WOLFLING,TEAM GLIDER,away,2,1,W,73.5,442,,
10,ASS ASS IN FC,BOBOTOTTI,home,1,1,D,69.5,343,,2.0
10,BOBOTOTTI,ASS ASS IN FC,away,1,1,D,69.0,343,,
10,TEAM HAIR FLICK,CHELSEA,home,2,2,D,74.5,433,1.0,2.0
10,CHELSEA,TEAM HAIR FLICK,away,2,2,D,73.5,433,0.5,
10,VINCENZO,TEAM YANGTUO,home,2,1,W,73.5,433,,2.0
10,TEAM YANGTUO,VINCENZO,away,1,2,L,69.0,343,,
10,PAUL POGSHAO,TOMATO,home,4,2,W,85.0,442,2.0,2.0
10,TOMATO,PAUL POGSHAO,away,2,4,L,75.0,433,0.5,
11,TEAM WOLFLING,ASS ASS IN FC,home,1,3,L,68.5,433,1.0,2.0
11,ASS ASS IN FC,TEAM WOLFLING,away,3,1,W,79.0,343,,
11,TOMATO,VINCENZO,home,1,1,D,68.0,343,,2.0
11,VINCENZO,TOMATO,away,1,1,D,70.0,433,1.0,
11,CHELSEA,PAUL POGSHAO,home,3,0,W,80.5,433,0.5,2.0
11,PAUL POGSHAO,CHELSEA,away,0,3,L,63.0,442,0.5,
11,TEAM YANGTUO,TEAM HAIR FLICK,home,3,1,W,78.5,433,1.0,2.0
11,TEAM HAIR FLICK,TEAM YANGTUO,away,1,3,L,70.5,343,,
11,BOBOTOTTI,TEAM GLIDER,home,2,0,W,75.0,343,,2.0
11,TEAM GLIDER,BOBOTOTTI,away,0,2,L,60.0,442,,
12,PAUL POGSHAO,TEAM WOLFLING,home,2,4,L,72.5,442,2.0,2.0
12,TEAM WOLFLING,PAUL POGSHAO,away,4,2,W,85.0,442,1.0,
12,VINCENZO,TEAM GLIDER,home,2,0,W,72.0,433,0.5,2.0
12,TEAM GLIDER,VINCENZO,away,0,2,L,62.0,343,,
12,ASS ASS IN FC,TEAM HAIR FLICK,home,1,0,W,71.0,433,0.5,2.0
12,TEAM HAIR FLICK,ASS ASS IN FC,away,0,1,L,63.0,343,,
12,BOBOTOTTI,CHELSEA,home,0,3,L,64.5,343,,2.0
12,CHELSEA,BOBOTOTTI,away,3,0,W,83.5,433,1.0,
12,TEAM YANGTUO,TOMATO,home,4,1,W,85.5,433,1.0,2.0
12,TOMATO,TEAM YANGTUO,away,1,4,L,69.5,433,0.5,
13,PAUL POGSHAO,ASS ASS IN FC,home,2,2,D,76.5,442,2.0,2.0
13,ASS ASS IN FC,PAUL POGSHAO,away,2,2,D,72.5,343,,
13,TEAM HAIR FLICK,TEAM WOLFLING,home,1,2,L,71.0,343,,2.0
13,TEAM WOLFLING,TEAM HAIR FLICK,away,2,1,W,75.0,442,1.0,
13,TEAM GLIDER,TEAM YANGTUO,home,0,1,L,63.5,343,,2.0
13,TEAM YANGTUO,TEAM GLIDER,away,1,0,W,71.5,433,0.5,
13,TOMATO,BOBOTOTTI,home,1,0,W,66.0,442,1.0,2.0
13,BOBOTOTTI,TOMATO,away,0,1,L,59.5,343,,
13,CHELSEA,VINCENZO,home,3,2,W,78.5,433,1.0,2.0
13,VINCENZO,CHELSEA,away,2,3,L,73.5,433,1.0,
14,TEAM GLIDER,PAUL POGSHAO,home,3,1,W,81.0,343,,2.0
14,PAUL POGSHAO,TEAM GLIDER,away,1,3,L,67.0,442,2.0,
14,ASS ASS IN FC,CHELSEA,home,0,1,L,61.5,343,,2.0
14,CHELSEA,ASS ASS IN FC,away,1,0,W,69.0,433,1.0,
14,TEAM YANGTUO,BOBOTOTTI,home,3,0,W,82.5,442,1.0,2.0
14,BOBOTOTTI,TEAM YANGTUO,away,0,3,L,51.0,343,,
14,TEAM HAIR FLICK,VINCENZO,home,1,1,D,68.5,433,,2.0
14,VINCENZO,TEAM HAIR FLICK,away,1,1,D,71.0,433,2.0,
14,TEAM WOLFLING,TOMATO,home,1,4,L,69.5,442,,2.0
14,TOMATO,TEAM WOLFLING,away,4,1,W,86.0,442,2.0,
15,VINCENZO,PAUL POGSHAO,home,2,1,W,72.0,433,2.0,2.0
15,PAUL POGSHAO,VINCENZO,away,1,2,L,71.5,433,0.5,
15,CHELSEA,TEAM GLIDER,home,4,1,W,87.0,433,0.5,2.0
15,TEAM GLIDER,CHELSEA,away,1,4,L,66.5,343,,
15,TOMATO,ASS ASS IN FC,home,0,2,L,65.0,442,,2.0
15,ASS ASS IN FC,TOMATO,away,2,0,W,72.5,433,1.0,
15,BOBOTOTTI,TEAM HAIR FLICK,home,0,2,L,53.0,343,,2.0
15,TEAM HAIR FLICK,BOBOTOTTI,away,2,0,W,73.0,433,2.0,
15,TEAM YANGTUO,TEAM WOLFLING,home,3,1,W,80.5,343,,2.0
15,TEAM WOLFLING,TEAM YANGTUO,away,1,3,L,69.5,442,0.5,
16,PAUL POGSHAO,TEAM YANGTUO,home,1,1,D,66.5,442,1.0,2.0
16,TEAM YANGTUO,PAUL POGSHAO,away,1,1,D,66.0,343,,
16,BOBOTOTTI,VINCENZO,home,0,2,L,64.5,343,,2.0
16,VINCENZO,BOBOTOTTI,away,2,0,W,73.5,433,1.0,
16,ASS ASS IN FC,TEAM GLIDER,home,2,2,D,73.0,433,1.0,2.0
16,TEAM GLIDER,ASS ASS IN FC,away,2,2,D,72.0,343,,
16,TEAM HAIR FLICK,TOMATO,home,3,1,W,81.5,343,,2.0
16,TOMATO,TEAM HAIR FLICK,away,1,3,L,66.5,343,,
16,TEAM WOLFLING,CHELSEA,home,1,2,L,71.0,532,1.0,2.0
16,CHELSEA,TEAM WOLFLING,away,2,1,W,72.5,442,0.5,
17,TEAM GLIDER,TOMATO,home,4,2,W,88.0,433,2.0,2.0
17,TOMATO,TEAM GLIDER,away,2,4,L,76.5,343,,
17,ASS ASS IN FC,VINCENZO,home,3,2,W,79.0,433,0.5,2.0
17,VINCENZO,ASS ASS IN FC,away,2,3,L,76.5,433,2.0,
17,TEAM WOLFLING,BOBOTOTTI,home,1,2,L,67.5,532,1.0,2.0
17,BOBOTOTTI,TEAM WOLFLING,away,2,1,W,75.5,343,,
17,CHELSEA,TEAM YANGTUO,home,0,1,L,65.5,442,,2.0
17,TEAM YANGTUO,CHELSEA,away,1,0,W,68.0,442,1.0,
17,PAUL POGSHAO,TEAM HAIR FLICK,home,4,2,W,87.0,442,2.0,2.0
17,TEAM HAIR FLICK,PAUL POGSHAO,away,2,4,L,73.5,343,,
18,TOMATO,CHELSEA,home,2,2,D,76.5,433,0.5,2.0
18,CHELSEA,TOMATO,away,2,2,D,73.5,442,2.0,
18,BOBOTOTTI,PAUL POGSHAO,home,0,2,L,63.5,343,,2.0
18,PAUL POGSHAO,BOBOTOTTI,away,2,0,W,73.5,433,2.0,
18,TEAM YANGTUO,ASS ASS IN FC,home,1,2,L,69.5,352,,2.0
18,ASS ASS IN FC,TEAM YANGTUO,away,2,1,W,75.5,433,0.5,
18,TEAM HAIR FLICK,TEAM GLIDER,home,2,4,L,74.0,433,0.5,2.0
18,TEAM GLIDER,TEAM HAIR FLICK,away,4,2,W,85.5,343,,
18,VINCENZO,TEAM WOLFLING,home,4,2,W,87.0,433,1.0,2.0
18,TEAM WOLFLING,VINCENZO,away,2,4,L,72.0,541,2.0,
19,VINCENZO,ASS ASS IN FC,home,1,1,D,67.0,433,1.0,2.0
19,ASS ASS IN FC,VINCENZO,away,1,1,D,70.5,433,0.5,
19,TOMATO,TEAM YANGTUO,home,1,1,D,66.5,343,,2.0
19,TEAM YANGTUO,TOMATO,away,1,1,D,69.0,442,0.5,
19,TEAM GLIDER,BOBOTOTTI,home,0,2,L,65.0,343,,2.0
19,BOBOTOTTI,TEAM GLIDER,away,2,0,W,77.0,442,3.0,
19,PAUL POGSHAO,TEAM WOLFLING,home,3,1,W,79.5,433,2.0,2.0
19,TEAM WOLFLING,PAUL POGSHAO,away,1,3,L,70.0,442,2.0,
19,TEAM HAIR FLICK,CHELSEA,home,0,2,L,60.0,433,0.5,2.0
19,CHELSEA,TEAM HAIR FLICK,away,2,0,W,74.5,442,0.5,
20,TEAM YANGTUO,VINCENZO,home,1,5,L,66.5,343,,2.0
20,VINCENZO,TEAM YANGTUO,away,5,1,W,93.5,433,3.0,
20,TEAM WOLFLING,TEAM HAIR FLICK,home,2,2,D,72.5,442,1.0,2.0
20,TEAM HAIR FLICK,TEAM WOLFLING,away,2,2,D,76.0,442,1.0,
20,BOBOTOTTI,PAUL POGSHAO,home,4,1,W,89.5,442,2.0,2.0
20,PAUL POGSHAO,BOBOTOTTI,away,1,4,L,70.5,433,2.0,
20,ASS ASS IN FC,TEAM GLIDER,home,2,1,W,72.5,433,0.5,2.0
20,TEAM GLIDER,ASS ASS IN FC,away,1,2,L,71.0,343,,
20,CHELSEA,TOMATO,home,1,1,D,70.5,433,,2.0
20,TOMATO,CHELSEA,away,1,1,D,67.0,352,,
21,VINCENZO,CHELSEA,home,5,1,W,93.5,433,4.0,2.0
21,CHELSEA,VINCENZO,away,1,5,L,69.5,433,,
21,TOMATO,TEAM WOLFLING,home,1,1,D,68.5,352,,2.0
21,TEAM WOLFLING,TOMATO,away,1,1,D,67.5,541,1.0,
21,TEAM GLIDER,TEAM YANGTUO,home,4,3,W,85.5,433,2.0,2.0
21,TEAM YANGTUO,TEAM GLIDER,away,3,4,L,81.5,433,0.5,
21,ASS ASS IN FC,BOBOTOTTI,home,0,1,L,64.5,433,0.5,2.0
21,BOBOTOTTI,ASS ASS IN FC,away,1,0,W,71.5,442,2.0,
21,TEAM HAIR FLICK,PAUL POGSHAO,home,3,0,W,78.5,433,1.0,2.0
21,PAUL POGSHAO,TEAM HAIR FLICK,away,0,3,L,60.5,433,1.0,
22,TEAM YANGTUO,ASS ASS IN FC,home,4,0,W,88.0,442,2.0,2.0
22,ASS ASS IN FC,TEAM YANGTUO,away,0,4,L,55.0,433,,
22,PAUL POGSHAO,TOMATO,home,3,3,D,80.0,433,3.0,2.0
22,TOMATO,PAUL POGSHAO,away,3,3,D,81.5,343,,
22,TEAM WOLFLING,VINCENZO,home,3,2,W,79.5,442,2.0,2.0
22,VINCENZO,TEAM WOLFLING,away,2,3,L,73.0,433,2.0,
22,BOBOTOTTI,TEAM HAIR FLICK,home,0,2,L,64.0,433,,2.0
22,TEAM HAIR FLICK,BOBOTOTTI,away,2,0,W,73.5,433,2.0,
22,CHELSEA,TEAM GLIDER,home,1,2,L,70.5,343,,2.0
22,TEAM GLIDER,CHELSEA,away,2,1,W,75.0,352,,
23,VINCENZO,PAUL POGSHAO,home,2,0,W,73.0,433,0.5,2.0
23,PAUL POGSHAO,VINCENZO,away,0,2,L,63.5,433,1.0,
23,TOMATO,TEAM HAIR FLICK,home,2,2,D,72.0,433,1.0,2.0
23,TEAM HAIR FLICK,TOMATO,away,2,2,D,74.0,433,0.5,
23,TEAM YANGTUO,BOBOTOTTI,home,1,1,D,71.0,442,1.0,2.0
23,BOBOTOTTI,TEAM YANGTUO,away,1,1,D,69.0,433,1.0,
23,TEAM GLIDER,TEAM WOLFLING,home,2,3,L,76.5,343,,2.0
23,TEAM WOLFLING,TEAM GLIDER,away,3,2,W,81.5,541,1.0,
23,ASS ASS IN FC,CHELSEA,home,1,0,W,68.0,433,2.0,2.0
23,CHELSEA,ASS ASS IN FC,away,0,1,L,65.5,343,,
24,PAUL POGSHAO,TEAM GLIDER,home,3,1,W,83.5,433,1.0,2.0
24,TEAM GLIDER,PAUL POGSHAO,away,1,3,L,70.0,352,,
24,TEAM WOLFLING,ASS ASS IN FC,home,0,1,L,65.0,541,0.5,2.0
24,ASS ASS IN FC,TEAM WOLFLING,away,1,0,W,67.0,433,0.5,
24,BOBOTOTTI,TOMATO,home,1,1,D,67.0,442,1.0,2.0
24,TOMATO,BOBOTOTTI,away,1,1,D,71.0,352,,
24,CHELSEA,TEAM YANGTUO,home,1,3,L,71.5,352,,2.0
24,TEAM YANGTUO,CHELSEA,away,3,1,W,78.0,343,,
24,TEAM HAIR FLICK,VINCENZO,home,2,1,W,73.5,433,0.5,2.0
24,VINCENZO,TEAM HAIR FLICK,away,1,2,L,68.5,343,,
25,VINCENZO,TOMATO,home,1,0,W,68.5,442,1.0,2.0
25,TOMATO,VINCENZO,away,0,1,L,63.0,352,,
25,TEAM YANGTUO,TEAM WOLFLING,home,3,2,W,78.5,442,1.0,2.0
25,TEAM WOLFLING,TEAM YANGTUO,away,2,3,L,77.5,451,1.0,
25,TEAM GLIDER,TEAM HAIR FLICK,home,2,1,W,76.0,433,1.0,2.0
25,TEAM HAIR FLICK,TEAM GLIDER,away,1,2,L,68.0,433,0.5,
25,ASS ASS IN FC,PAUL POGSHAO,home,3,5,L,80.0,433,0.5,2.0
25,PAUL POGSHAO,ASS ASS IN FC,away,5,3,W,91.5,433,3.0,
25,CHELSEA,BOBOTOTTI,home,0,1,L,61.0,352,,2.0
25,BOBOTOTTI,CHELSEA,away,1,0,W,70.0,442,1.0,
26,VINCENZO,BOBOTOTTI,home,2,3,L,77.5,433,1.0,2.0
26,BOBOTOTTI,VINCENZO,away,3,2,W,79.0,442,1.0,
26,TOMATO,TEAM GLIDER,home,0,2,L,65.5,343,,2.0
26,TEAM GLIDER,TOMATO,away,2,0,W,75.5,433,1.0,
26,PAUL POGSHAO,TEAM YANGTUO,home,2,1,W,72.5,433,,2.0
26,TEAM YANGTUO,PAUL POGSHAO,away,1,2,L,67.0,451,0.5,
26,TEAM WOLFLING,CHELSEA,home,2,1,W,72.0,541,2.0,2.0
26,CHELSEA,TEAM WOLFLING,away,1,2,L,71.0,352,,
26,TEAM HAIR FLICK,ASS ASS IN FC,home,1,2,L,69.5,442,0.5,2.0
26,ASS ASS IN FC,TEAM HAIR FLICK,away,2,1,W,75.0,433,1.0,
27,TEAM YANGTUO,TEAM HAIR FLICK,home,3,1,W,78.5,433,0.5,2.0
27,TEAM HAIR FLICK,TEAM YANGTUO,away,1,3,L,68.5,433,0.5,
27,TEAM GLIDER,VINCENZO,home,1,2,L,70.0,433,0.5,2.0
27,VINCENZO,TEAM GLIDER,away,2,1,W,72.5,433,1.0,
27,BOBOTOTTI,TEAM WOLFLING,home,2,3,L,74.0,442,1.0,2.0
27,TEAM WOLFLING,BOBOTOTTI,away,3,2,W,78.0,451,2.0,
27,ASS ASS IN FC,TOMATO,home,2,1,W,74.5,433,1.0,2.0
27,TOMATO,ASS ASS IN FC,away,1,2,L,69.5,343,,
27,CHELSEA,PAUL POGSHAO,home,2,0,W,75.0,343,,2.0
27,PAUL POGSHAO,CHELSEA,away,0,2,L,59.5,433,0.5,
28,VINCENZO,TEAM YANGTUO,home,4,2,W,86.5,433,1.0,2.0
28,TEAM YANGTUO,VINCENZO,away,2,4,L,73.5,442,0.5,
28,TOMATO,PAUL POGSHAO,home,2,2,D,74.5,343,,2.0
28,PAUL POGSHAO,TOMATO,away,2,2,D,73.0,442,0.5,
28,BOBOTOTTI,CHELSEA,home,1,0,W,69.0,343,,2.0
28,CHELSEA,BOBOTOTTI,away,0,1,L,65.5,343,,
28,ASS ASS IN FC,TEAM WOLFLING,home,2,2,D,75.0,433,1.0,2.0
28,TEAM WOLFLING,ASS ASS IN FC,away,2,2,D,75.0,442,2.0,
28,TEAM HAIR FLICK,TEAM GLIDER,home,1,1,D,68.5,433,1.0,2.0
28,TEAM GLIDER,TEAM HAIR FLICK,away,1,1,D,71.5,352,,
29,TEAM YANGTUO,TOMATO,home,3,3,D,80.0,433,0.5,2.0
29,TOMATO,TEAM YANGTUO,away,3,3,D,82.5,343,,
29,TEAM GLIDER,ASS ASS IN FC,home,2,0,W,72.0,532,1.0,2.0
29,ASS ASS IN FC,TEAM GLIDER,away,0,2,L,64.5,541,0.5,
29,CHELSEA,TEAM HAIR FLICK,home,3,2,W,80.0,343,,2.0
29,TEAM HAIR FLICK,CHELSEA,away,2,3,L,75.0,442,2.0,
29,TEAM WOLFLING,BOBOTOTTI,home,2,2,D,75.5,442,2.0,2.0
29,BOBOTOTTI,TEAM WOLFLING,away,2,2,D,76.0,352,,
29,PAUL POGSHAO,VINCENZO,home,1,2,L,70.0,442,2.0,2.0
29,VINCENZO,PAUL POGSHAO,away,2,1,W,73.0,433,1.0,
30,TEAM HAIR FLICK,TEAM YANGTUO,home,1,1,D,69.5,442,0.5,2.0
30,TEAM YANGTUO,TEAM HAIR FLICK,away,1,1,D,67.0,343,,
30,ASS ASS IN FC,VINCENZO,home,2,1,W,77.0,433,1.0,2.0
30,VINCENZO,ASS ASS IN FC,away,1,2,L,66.5,433,1.0,
30,TOMATO,BOBOTOTTI,home,2,1,W,73.5,433,0.5,2.0
30,BOBOTOTTI,TOMATO,away,1,2,L,70.5,352,,
30,PAUL POGSHAO,CHELSEA,home,3,2,W,80.0,352,,2.0
30,CHELSEA,PAUL POGSHAO,away,2,3,L,72.5,352,,
30,TEAM WOLFLING,TEAM GLIDER,home,3,2,W,81.5,442,,2.0
30,TEAM GLIDER,TEAM WOLFLING,away,2,3,L,77.5,442,2.0,
31,TEAM HAIR FLICK,TOMATO,home,1,1,D,71.0,442,0.5,2.0
31,TOMATO,TEAM HAIR FLICK,away,1,1,D,70.0,343,,
31,BOBOTOTTI,TEAM YANGTUO,home,2,1,W,75.5,433,2.0,2.0
31,TEAM YANGTUO,BOBOTOTTI,away,1,2,L,70.0,352,,
31,VINCENZO,TEAM WOLFLING,home,2,2,D,74.0,433,2.0,2.0
31,TEAM WOLFLING,VINCENZO,away,2,2,D,72.0,442,1.0,
31,TEAM GLIDER,PAUL POGSHAO,home,0,2,L,65.5,442,1.0,2.0
31,PAUL POGSHAO,TEAM GLIDER,away,2,0,W,72.0,442,1.0,
31,CHELSEA,ASS ASS IN FC,home,2,2,D,75.5,352,,2.0
31,ASS ASS IN FC,CHELSEA,away,2,2,D,74.0,442,0.5,
32,VINCENZO,TEAM HAIR FLICK,home,2,2,D,73.0,433,0.5,2.0
32,TEAM HAIR FLICK,VINCENZO,away,2,2,D,72.5,442,1.0,
32,TOMATO,CHELSEA,home,1,0,W,67.0,343,,2.0
32,CHELSEA,TOMATO,away,0,1,L,65.5,451,0.5,
32,TEAM WOLFLING,PAUL POGSHAO,home,1,2,L,68.0,442,,2.0
32,PAUL POGSHAO,TEAM WOLFLING,away,2,1,W,77.0,442,2.0,
32,BOBOTOTTI,ASS ASS IN FC,home,2,1,W,76.5,433,1.0,2.0
32,ASS ASS IN FC,BOBOTOTTI,away,1,2,L,68.5,442,0.5,
32,TEAM YANGTUO,TEAM GLIDER,home,1,3,L,69.5,343,,2.0
32,TEAM GLIDER,TEAM YANGTUO,away,3,1,W,78.5,442,1.0,
33,ASS ASS IN FC,TEAM HAIR FLICK,home,0,0,D,62.5,442,0.5,2.0
33,TEAM HAIR FLICK,ASS ASS IN FC,away,0,0,D,65.5,442,0.5,
33,CHELSEA,VINCENZO,home,3,0,W,81.0,343,,2.0
33,VINCENZO,CHELSEA,away,0,3,L,65.5,343,,
33,TEAM GLIDER,TOMATO,home,0,3,L,64.5,343,,2.0
33,TOMATO,TEAM GLIDER,away,3,0,W,78.5,442,1.0,
33,PAUL POGSHAO,BOBOTOTTI,home,4,2,W,88.0,442,2.0,2.0
33,BOBOTOTTI,PAUL POGSHAO,away,2,4,L,75.5,433,2.0,
33,TEAM WOLFLING,TEAM YANGTUO,home,1,2,L,70.5,532,0.5,2.0
33,TEAM YANGTUO,TEAM WOLFLING,away,2,1,W,72.5,433,1.0,
34,TEAM HAIR FLICK,TEAM WOLFLING,home,1,3,L,71.5,532,1.0,2.0
34,TEAM WOLFLING,TEAM HAIR FLICK,away,3,1,W,79.5,532,0.5,
34,PAUL POGSHAO,ASS ASS IN FC,home,1,1,D,71.0,442,0.5,2.0
34,ASS ASS IN FC,PAUL POGSHAO,away,1,1,D,66.5,442,0.5,
34,TOMATO,VINCENZO,home,3,1,W,81.0,352,,2.0
34,VINCENZO,TOMATO,away,1,3,L,67.0,343,,
34,BOBOTOTTI,TEAM GLIDER,home,1,1,D,66.0,433,0.5,2.0
34,TEAM GLIDER,BOBOTOTTI,away,1,1,D,68.5,442,,
34,TEAM YANGTUO,CHELSEA,home,2,2,D,73.0,343,,2.0
34,CHELSEA,TEAM YANGTUO,away,2,2,D,77.5,343,,
35,VINCENZO,TEAM GLIDER,home,0,3,L,65.5,442,1.0,2.0
35,TEAM GLIDER,VINCENZO,away,3,0,W,78.5,442,2.0,
35,TOMATO,ASS ASS IN FC,home,1,0,W,69.5,343,,2.0
35,ASS ASS IN FC,TOMATO,away,0,1,L,63.5,433,0.5,
35,TEAM YANGTUO,PAUL POGSHAO,home,3,4,L,81.5,433,,2.0
35,PAUL POGSHAO,TEAM YANGTUO,away,4,3,W,87.0,433,2.0,
35,CHELSEA,TEAM WOLFLING,home,1,0,W,70.5,343,,2.0
35,TEAM WOLFLING,CHELSEA,away,0,1,L,64.0,442,0.5,
35,TEAM HAIR FLICK,BOBOTOTTI,home,1,1,D,67.0,433,,2.0
35,BOBOTOTTI,TEAM HAIR FLICK,away,1,1,D,70.0,433,2.0,
36,TEAM GLIDER,CHELSEA,home,1,0,W,66.5,442,2.0,2.0
36,CHELSEA,TEAM GLIDER,away,0,1,L,57.5,343,,
36,PAUL POGSHAO,TEAM HAIR FLICK,home,2,2,D,77.5,442,2.0,2.0
36,TEAM HAIR FLICK,PAUL POGSHAO,away,2,2,D,72.5,433,0.5,
36,TEAM WOLFLING,TOMATO,home,1,1,D,68.0,442,0.5,2.0
36,TOMATO,TEAM WOLFLING,away,1,1,D,67.5,352,,
36,BOBOTOTTI,VINCENZO,home,4,2,W,84.5,343,,2.0
36,VINCENZO,BOBOTOTTI,away,2,4,L,73.5,343,,
36,ASS ASS IN FC,TEAM YANGTUO,home,1,1,D,67.0,433,0.5,2.0
36,TEAM YANGTUO,ASS ASS IN FC,away,1,1,D,71.5,343,,
